Date,Product_ID,Sales_Volume,Price,Promotion,Seasonality,Historic_Trend,Supplier_Lead_Time,Weather_Index,Avg_Rating,Social_Media_Buzz,Holiday_Indicator,Product_Lifecycle
2023-09-07,P020,129,0.97,0,0,75,10,Mild,4.5,72,0,Growth
2023-05-02,P069,160,1.1,0,1,55,14,Cold,3.5,120,1,Decline
2023-06-18,P083,124,0.81,1,1,68,11,Hot,3.3,180,1,Growth
2023-08-09,P041,124,1.14,1,1,62,12,Hot,4.5,182,0,Growth
2023-11-25,P016,116,0.88,1,0,69,10,Cold,4.4,183,1,Growth
2023-02-14,P038,103,1.08,0,0,24,14,Cold,3.8,149,0,Maturity
2023-01-22,P096,62,1.16,0,1,48,5,Cold,4.3,111,1,Growth
2023-09-16,P008,131,1.06,1,1,21,11,Hot,3.8,76,1,Maturity
2023-10-29,P073,104,1.18,1,0,53,15,Mild,3.1,119,0,Growth
2023-07-27,P097,138,0.92,0,0,79,7,Mild,3.1,84,0,Maturity
2023-01-19,P067,184,1.13,0,0,62,15,Mild,3.7,61,0,Decline
2023-04-29,P027,153,1.05,0,1,65,8,Hot,3.2,187,1,Maturity
2023-08-31,P080,62,1.18,0,0,59,9,Mild,4.9,114,0,Maturity
2023-12-05,P058,51,0.91,0,1,66,10,Mild,3.8,142,1,Maturity
2023-07-28,P025,92,0.85,1,0,24,5,Mild,4.8,158,1,Maturity
2023-12-07,P024,71,0.9,1,1,74,12,Cold,3.6,96,1,Decline
2023-08-25,P051,174,1.01,1,0,41,10,Hot,4.2,147,0,Decline
2023-04-27,P008,123,1.06,1,0,58,12,Cold,4.7,119,0,Maturity
2023-06-26,P062,106,1.15,0,0,95,15,Cold,3.7,84,1,Maturity
2023-05-29,P062,117,1.16,0,1,64,15,Hot,3.6,165,0,Decline
2023-08-09,P068,116,0.83,1,0,28,12,Mild,3.8,157,1,Growth
2023-04-05,P059,61,1.07,1,1,39,10,Hot,3.3,53,1,Decline
2023-04-16,P033,169,0.87,1,1,78,15,Hot,3.1,66,0,Maturity
2023-01-06,P022,105,1.14,0,0,38,12,Hot,4.9,191,0,Maturity
2023-06-20,P033,193,0.9,0,1,53,11,Hot,4.6,123,1,Maturity
2023-08-13,P064,89,1.11,0,0,29,11,Cold,4.5,172,0,Growth
2023-02-24,P042,97,0.85,0,0,21,14,Hot,3.0,137,1,Maturity
2023-12-13,P056,111,1.01,1,0,23,9,Cold,4.2,129,0,Maturity
2023-06-19,P011,56,0.87,0,1,67,15,Mild,5.0,165,0,Maturity
2023-10-11,P077,197,0.81,1,0,64,14,Mild,3.6,99,1,Growth
2023-11-26,P059,77,0.91,0,1,75,15,Cold,4.6,110,0,Decline
2023-10-10,P023,55,1.14,0,1,80,14,Mild,4.0,167,1,Growth
2023-12-07,P095,195,0.97,1,1,45,15,Cold,4.7,50,1,Decline
2023-03-13,P044,55,0.83,1,0,90,11,Hot,3.4,62,0,Decline
2023-01-23,P075,184,1.0,0,0,79,7,Cold,3.1,112,1,Growth
2023-03-26,P088,181,1.01,0,0,88,10,Cold,3.9,88,1,Decline
2023-08-11,P007,169,1.14,1,0,77,6,Mild,3.7,187,0,Maturity
2023-02-25,P079,148,1.17,1,1,59,10,Cold,3.0,153,0,Maturity
2023-03-23,P075,101,0.99,1,1,53,9,Cold,4.2,58,0,Growth
2023-02-19,P068,111,0.92,1,0,98,6,Mild,4.6,187,1,Decline
2023-11-15,P084,154,1.07,0,1,45,8,Cold,4.1,115,0,Decline
2023-02-17,P008,64,0.85,1,0,59,15,Cold,4.9,156,1,Decline
2023-10-26,P093,75,1.16,0,1,83,6,Hot,3.7,98,0,Decline
2023-04-03,P045,146,0.91,0,1,84,15,Cold,4.6,125,0,Growth
2023-04-22,P057,124,0.89,1,0,27,14,Mild,4.0,79,1,Decline
2023-02-06,P037,120,1.07,1,0,28,12,Cold,4.5,169,1,Growth
2023-05-01,P079,112,1.05,0,1,68,10,Mild,4.4,160,1,Decline
2023-08-24,P076,134,0.83,0,1,49,5,Mild,3.9,110,0,Growth
2023-10-11,P093,167,0.88,1,1,88,11,Cold,4.9,153,1,Maturity
2023-07-02,P008,153,1.18,0,1,82,7,Mild,3.6,151,0,Maturity
2023-07-20,P025,180,1.09,1,0,85,6,Hot,4.0,88,0,Growth
2023-09-14,P032,127,1.08,1,1,83,6,Hot,4.3,121,0,Maturity
2023-02-06,P047,144,1.11,1,0,44,11,Mild,3.3,103,1,Decline
2023-09-22,P086,150,0.86,0,1,66,5,Mild,4.8,130,0,Decline
2023-08-30,P049,150,0.89,0,0,89,5,Hot,4.6,85,0,Maturity
2023-04-22,P071,110,1.08,0,0,38,10,Cold,4.0,140,1,Decline
2023-06-04,P098,143,0.9,1,1,45,6,Cold,3.7,151,0,Decline
2023-07-29,P042,107,0.85,1,1,64,7,Mild,4.7,117,1,Growth
2023-10-11,P086,129,1.04,0,0,52,13,Cold,3.2,111,1,Maturity
2023-09-03,P025,121,1.19,1,0,64,10,Mild,3.5,56,0,Growth
2023-04-10,P028,192,1.13,0,1,48,14,Hot,4.7,107,1,Maturity
2023-05-30,P017,144,0.89,0,1,24,12,Hot,3.4,182,1,Maturity
2023-11-16,P084,161,1.03,0,1,58,11,Cold,3.2,71,0,Decline
2023-12-25,P022,74,1.09,1,0,30,8,Cold,3.8,180,0,Maturity
2023-05-30,P056,130,1.02,0,0,95,5,Cold,4.4,113,1,Maturity
2023-02-23,P078,98,0.96,1,1,78,5,Hot,3.6,112,1,Maturity
2023-06-02,P091,164,1.13,1,0,26,5,Hot,4.4,51,0,Decline
2023-11-17,P011,176,0.83,1,0,62,11,Mild,3.6,124,1,Maturity
2023-08-22,P043,169,1.15,1,1,77,7,Hot,3.6,108,0,Decline
2023-11-26,P063,82,1.09,1,0,90,9,Mild,4.1,147,1,Decline
2023-02-17,P044,185,1.02,0,1,52,14,Cold,4.6,167,1,Growth
2023-01-11,P025,130,1.08,0,1,46,13,Cold,5.0,122,0,Growth
2023-09-19,P048,161,0.95,0,1,80,11,Hot,3.0,66,1,Decline
2023-07-30,P020,165,1.07,1,0,20,11,Mild,3.3,199,0,Maturity
2023-08-04,P033,69,1.11,1,0,88,8,Cold,4.1,55,0,Decline
2023-04-19,P037,174,1.08,1,1,43,5,Cold,3.4,172,0,Growth
2023-10-21,P090,155,1.2,0,0,81,15,Mild,3.2,193,1,Maturity
2023-04-26,P025,93,1.14,1,0,90,10,Hot,4.2,157,0,Decline
2023-06-22,P035,122,0.85,1,1,56,14,Hot,3.8,113,1,Decline
2023-01-26,P026,64,1.02,1,0,99,7,Cold,3.3,157,1,Maturity
2023-04-01,P033,64,0.85,1,0,68,8,Mild,3.2,165,1,Maturity
2023-01-10,P027,129,1.1,1,1,28,12,Hot,3.6,125,1,Decline
2023-01-01,P049,55,0.86,1,1,93,8,Hot,4.3,132,0,Maturity
2023-09-26,P053,143,1.06,0,1,97,15,Cold,3.9,83,1,Growth
2023-01-05,P016,50,0.84,0,1,99,6,Cold,4.6,100,0,Growth
2023-06-05,P095,143,0.86,1,0,39,6,Cold,3.0,103,0,Growth
2023-08-03,P067,149,1.09,0,0,73,14,Hot,3.2,62,1,Growth
2023-06-05,P066,148,1.14,1,0,62,8,Cold,4.7,195,0,Maturity
2023-10-14,P005,164,1.18,1,0,28,6,Mild,4.5,80,0,Maturity
2023-08-18,P065,74,1.1,0,1,75,13,Mild,4.8,81,0,Decline
2023-06-27,P080,175,0.81,0,1,64,12,Hot,4.9,154,0,Maturity
2023-04-27,P029,199,0.83,0,1,82,7,Mild,4.4,78,0,Decline
2023-12-20,P063,169,0.96,1,1,42,8,Mild,3.0,68,0,Growth
2023-07-05,P096,111,0.83,1,0,37,5,Cold,4.6,152,0,Decline
2023-07-23,P090,153,0.83,0,0,85,9,Cold,3.4,79,0,Growth
2023-08-24,P082,90,0.97,0,0,85,13,Hot,4.0,190,0,Growth
2023-05-24,P033,73,0.82,1,0,47,10,Mild,4.0,192,1,Decline
2023-09-10,P086,187,1.09,0,1,100,9,Mild,4.7,100,0,Maturity
2023-01-18,P016,158,1.11,1,0,24,6,Hot,4.7,100,1,Maturity
2023-07-09,P034,50,1.06,0,1,68,5,Hot,5.0,64,1,Growth
2023-05-24,P096,80,1.19,0,0,67,7,Hot,4.1,165,0,Decline
2023-08-11,P063,137,1.03,0,0,77,9,Mild,3.8,85,1,Decline
2023-10-19,P096,120,1.02,0,1,89,6,Mild,4.1,108,0,Growth
2023-02-15,P002,85,1.17,1,1,94,12,Cold,3.4,87,1,Maturity
2023-08-28,P012,178,1.02,0,1,22,12,Hot,4.5,133,1,Decline
2023-03-04,P063,52,0.88,0,0,30,8,Cold,4.9,87,0,Decline
2023-10-17,P026,125,0.89,0,0,95,9,Mild,5.0,106,1,Decline
2023-06-21,P039,114,1.08,1,0,99,15,Cold,3.3,142,0,Decline
2023-08-18,P083,61,1.14,1,1,51,13,Cold,3.4,115,0,Maturity
2023-11-14,P067,70,1.03,1,0,44,8,Mild,3.9,115,1,Maturity
2023-05-15,P095,164,0.96,0,0,51,14,Mild,3.3,143,0,Maturity
2023-02-07,P089,96,1.19,0,1,84,7,Cold,3.1,124,0,Decline
2023-11-23,P020,120,0.87,1,1,83,12,Mild,5.0,156,0,Maturity
2023-03-27,P068,80,1.02,0,1,24,13,Hot,4.7,86,0,Decline
2023-12-21,P019,150,0.95,0,0,69,14,Cold,3.1,195,1,Maturity
2023-07-13,P033,181,0.93,0,1,55,9,Mild,3.3,75,1,Maturity
2023-01-01,P086,141,1.06,0,0,46,14,Cold,4.5,139,1,Decline
2023-09-11,P095,101,0.93,0,1,76,12,Cold,4.6,197,1,Growth
2023-10-23,P085,73,1.14,1,1,35,10,Cold,3.5,96,0,Growth
2023-01-27,P004,69,0.9,0,0,30,11,Hot,3.5,115,1,Growth
2023-11-14,P032,123,0.81,1,0,51,6,Cold,4.7,131,1,Decline
2023-09-30,P063,192,1.11,1,1,27,8,Hot,3.7,68,1,Maturity
2023-06-01,P010,182,1.08,1,0,36,8,Hot,4.1,142,0,Growth
2023-04-26,P072,61,1.13,0,1,30,5,Hot,3.7,74,1,Decline
2023-12-03,P099,179,0.85,0,0,42,9,Hot,4.1,114,1,Decline
2023-10-21,P075,79,1.02,1,0,56,7,Cold,4.4,184,0,Growth
2023-06-24,P045,85,1.16,1,0,80,15,Cold,4.0,79,0,Maturity
2023-12-27,P043,187,0.85,0,1,20,10,Cold,4.6,84,0,Growth
2023-11-11,P021,80,0.97,1,0,64,13,Hot,4.2,183,0,Growth
2023-12-14,P084,140,1.11,0,0,70,14,Hot,4.0,151,0,Maturity
2023-02-15,P074,167,0.84,1,1,62,13,Cold,4.8,84,1,Decline
2023-02-09,P044,61,0.87,0,0,82,7,Cold,3.8,163,1,Decline
2023-02-26,P036,194,0.85,0,0,58,9,Mild,4.6,198,0,Decline
2023-08-27,P055,174,1.04,1,1,98,13,Cold,4.9,191,0,Growth
2023-05-16,P022,125,0.97,0,0,59,5,Mild,3.1,118,0,Growth
2023-09-02,P077,114,1.16,1,0,28,12,Mild,4.4,85,1,Maturity
2023-09-07,P008,59,1.05,0,1,44,9,Cold,3.1,56,1,Decline
2023-07-21,P021,104,1.15,1,1,42,12,Hot,4.1,63,0,Growth
2023-05-11,P085,77,1.06,1,1,55,7,Cold,4.2,182,1,Decline
2023-10-12,P051,101,0.96,1,1,31,9,Cold,4.0,159,1,Growth
2023-03-26,P086,66,1.01,0,0,83,13,Mild,4.6,157,0,Maturity
2023-01-15,P078,89,1.17,0,1,28,12,Hot,3.4,104,0,Decline
2023-06-15,P025,167,1.04,1,0,62,6,Mild,4.2,99,1,Maturity
2023-06-05,P020,67,0.91,0,1,87,12,Cold,3.7,100,0,Growth
2023-01-04,P056,120,0.95,1,0,20,12,Cold,4.0,189,1,Maturity
2023-11-22,P070,84,0.9,0,0,22,12,Hot,5.0,141,1,Growth
2023-04-25,P057,96,0.85,0,1,67,7,Mild,4.6,111,0,Decline
2023-04-15,P058,82,0.87,1,0,62,8,Mild,5.0,105,1,Maturity
2023-06-14,P067,116,0.89,0,0,91,6,Mild,3.8,70,0,Maturity
2023-01-04,P086,95,1.14,1,1,37,11,Mild,3.9,135,0,Growth
2023-09-17,P062,125,0.89,1,0,35,12,Hot,4.1,188,1,Maturity
2023-12-05,P096,86,1.07,0,1,68,9,Hot,4.2,69,0,Maturity
2023-05-27,P073,189,0.95,1,0,51,15,Mild,3.9,84,1,Growth
2023-10-13,P083,187,0.93,1,1,38,8,Cold,4.2,189,1,Decline
2023-12-16,P009,66,1.18,0,0,74,15,Mild,3.1,104,0,Maturity
2023-12-21,P057,128,0.85,0,0,66,5,Mild,3.6,189,0,Decline
2023-12-17,P035,117,0.82,0,0,51,10,Hot,4.0,174,1,Maturity
2023-02-27,P042,111,1.16,1,0,22,13,Hot,3.9,62,0,Maturity
2023-08-27,P092,102,0.84,0,1,36,8,Cold,4.7,54,1,Decline
2023-10-27,P094,186,1.19,1,1,68,10,Cold,3.3,119,0,Growth
2023-03-18,P077,66,1.14,1,1,76,9,Hot,3.7,77,1,Growth
2023-01-31,P019,150,0.87,0,1,85,11,Cold,4.4,101,0,Growth
2023-01-18,P010,188,0.94,0,1,57,11,Mild,4.6,178,1,Decline
2023-04-02,P003,194,0.85,1,0,22,5,Cold,4.8,124,0,Decline
2023-08-20,P018,165,0.97,1,1,76,15,Hot,3.6,169,1,Growth
2023-10-08,P030,151,0.95,0,0,78,7,Hot,4.2,68,1,Growth
2023-11-14,P071,195,1.09,1,1,45,9,Cold,4.9,82,1,Growth
2023-04-23,P010,165,0.94,1,1,67,8,Mild,3.5,52,0,Growth
2023-04-05,P033,109,1.19,0,1,82,13,Cold,3.7,194,0,Growth
2023-12-26,P019,151,1.0,1,1,54,8,Cold,3.5,148,0,Maturity
2023-03-22,P096,115,1.06,0,0,38,11,Cold,3.4,72,0,Growth
2023-09-17,P005,143,0.95,1,1,46,13,Hot,4.4,84,0,Growth
2023-05-18,P016,69,1.05,1,1,66,10,Cold,4.1,97,0,Growth
2023-08-18,P049,129,0.86,1,1,44,8,Hot,3.6,175,0,Decline
2023-07-04,P091,82,0.96,0,1,98,11,Hot,3.1,91,0,Decline
2023-03-11,P003,111,0.87,0,1,43,9,Hot,3.6,197,1,Decline
2023-05-03,P096,128,0.84,1,1,94,10,Mild,3.1,149,1,Maturity
2023-04-11,P091,53,1.09,1,0,76,6,Hot,4.1,116,0,Maturity
2023-04-23,P022,173,0.97,0,0,48,12,Hot,4.2,57,1,Maturity
2023-10-11,P096,171,0.96,0,0,71,9,Hot,3.8,180,1,Decline
2023-10-14,P039,161,1.2,0,0,28,8,Mild,3.0,107,0,Growth
2023-02-02,P015,100,1.16,1,1,44,10,Hot,3.9,79,1,Maturity
2023-10-17,P009,86,1.03,0,0,96,7,Cold,4.9,151,0,Growth
2023-02-21,P031,148,1.14,0,1,68,11,Cold,4.2,135,0,Decline
2023-05-26,P082,157,0.9,0,0,39,10,Mild,4.0,77,1,Maturity
2023-09-14,P026,89,1.13,1,0,96,7,Cold,3.7,195,0,Growth
2023-07-19,P080,167,1.08,1,1,36,9,Cold,3.2,54,1,Growth
2023-12-29,P097,165,1.13,1,1,50,15,Hot,4.7,153,0,Maturity
2023-03-19,P039,70,0.85,1,0,50,10,Hot,4.1,103,1,Growth
2023-12-30,P056,134,0.88,1,1,29,13,Cold,3.5,93,1,Decline
2023-09-03,P028,149,0.93,0,0,68,9,Mild,4.5,99,1,Growth
2023-06-12,P023,90,1.03,1,1,46,5,Hot,5.0,161,1,Growth
2023-03-11,P026,107,0.85,0,1,57,8,Mild,4.5,194,0,Maturity
2023-05-28,P097,85,1.1,0,1,40,12,Mild,3.4,122,0,Decline
2023-01-15,P086,144,0.95,1,0,81,11,Cold,4.5,121,1,Decline
2023-11-19,P057,60,0.83,1,1,34,7,Cold,3.6,66,0,Decline
2023-10-17,P055,96,0.85,0,1,65,13,Mild,3.0,146,1,Maturity
2023-12-05,P051,115,0.93,1,0,63,5,Mild,5.0,169,0,Maturity
2023-04-24,P008,105,0.92,1,1,71,5,Mild,3.9,168,0,Decline
2023-09-20,P006,125,0.93,1,0,51,9,Hot,3.4,85,1,Growth
2023-11-03,P027,56,1.1,0,1,91,14,Hot,3.8,88,1,Growth
2023-09-15,P069,84,1.12,1,0,21,12,Cold,3.6,137,0,Maturity
2023-10-24,P059,176,1.06,0,1,70,5,Hot,3.4,101,0,Maturity
2023-06-26,P075,135,1.04,1,1,20,7,Cold,3.8,155,1,Decline
2023-05-22,P032,118,0.83,1,1,92,14,Mild,3.6,151,0,Maturity
2023-12-20,P066,140,1.15,0,1,66,11,Mild,5.0,190,0,Growth
2023-02-18,P038,55,1.16,1,1,42,13,Mild,4.0,109,1,Growth
2023-06-02,P089,177,0.94,0,1,36,5,Mild,3.1,148,1,Maturity
2023-05-01,P044,66,0.98,0,1,37,14,Hot,3.4,132,1,Decline
2023-06-17,P076,111,0.86,0,1,81,6,Mild,3.5,53,1,Maturity
2023-11-16,P072,131,1.19,1,0,86,6,Mild,3.9,126,0,Decline
2023-03-23,P058,151,1.0,1,1,38,5,Hot,4.9,153,1,Decline
2023-03-28,P041,81,0.96,1,0,27,10,Mild,3.6,82,1,Growth
2023-01-09,P088,145,0.84,0,1,50,12,Hot,4.2,65,0,Decline
2023-11-17,P055,186,0.91,1,1,100,9,Hot,4.5,72,0,Decline
2023-08-21,P067,199,0.89,1,0,22,11,Mild,3.9,62,0,Maturity
2023-09-04,P006,112,0.92,0,1,33,6,Cold,3.7,60,1,Growth
2023-03-27,P042,149,1.07,1,1,99,6,Cold,4.1,171,0,Maturity
2023-11-14,P038,149,0.99,1,1,21,13,Cold,4.8,103,1,Maturity
2023-07-18,P049,164,0.91,0,1,25,5,Hot,3.8,168,1,Growth
2023-06-05,P092,199,1.02,0,1,93,12,Mild,3.1,70,1,Maturity
2023-05-06,P095,88,0.97,0,1,64,13,Hot,3.7,83,1,Maturity
2023-09-30,P054,142,1.05,0,1,22,5,Cold,3.4,50,0,Growth
2023-07-21,P060,54,1.1,1,0,59,10,Cold,3.3,131,0,Decline
2023-07-11,P036,60,1.13,1,0,53,13,Cold,3.7,59,0,Maturity
2023-11-04,P012,182,1.08,1,1,56,14,Hot,4.1,93,0,Decline
2023-07-06,P039,115,1.08,0,0,35,5,Cold,4.4,184,0,Decline
2023-05-18,P090,139,0.89,0,1,49,6,Mild,3.7,58,0,Decline
2023-05-18,P088,64,0.85,1,1,44,12,Mild,4.3,142,1,Maturity
2023-03-17,P004,112,1.14,0,0,82,6,Hot,3.7,55,0,Growth
2023-10-25,P017,118,1.15,1,1,46,12,Mild,3.4,193,0,Decline
2023-05-06,P024,140,1.09,1,1,30,6,Hot,3.3,191,0,Growth
2023-12-23,P080,79,0.97,0,1,96,14,Cold,3.7,198,1,Maturity
2023-03-30,P026,80,0.9,1,1,34,8,Mild,4.7,115,0,Maturity
2023-03-13,P089,71,0.84,1,1,76,5,Mild,4.4,66,1,Growth
2023-08-04,P045,51,1.04,1,1,30,7,Mild,3.7,144,1,Maturity
2023-03-02,P037,109,1.01,0,0,38,15,Cold,4.6,162,1,Growth
2023-10-14,P031,127,1.11,1,1,40,7,Mild,3.4,187,1,Maturity
2023-02-01,P017,96,1.18,0,0,99,10,Hot,3.2,189,0,Decline
2023-07-10,P091,104,1.08,1,0,25,15,Mild,4.4,121,0,Decline
2023-12-21,P013,176,1.12,0,0,42,11,Hot,3.3,87,1,Maturity
2023-12-23,P027,61,0.84,1,1,40,11,Hot,3.4,182,0,Decline
2023-07-17,P019,102,1.09,0,0,98,12,Mild,5.0,100,0,Decline
2023-11-09,P089,182,1.0,1,1,41,8,Hot,3.4,172,1,Decline
2023-02-17,P058,191,1.05,0,1,27,7,Hot,3.9,126,0,Maturity
2023-11-20,P011,82,1.12,1,0,58,11,Cold,3.1,169,0,Maturity
2023-11-30,P030,54,0.89,1,0,60,10,Hot,3.0,72,1,Growth
2023-12-14,P070,150,0.88,0,0,57,6,Mild,3.7,172,0,Decline
2023-02-09,P027,89,1.14,0,0,36,14,Cold,3.5,153,1,Growth
2023-08-24,P010,147,1.04,1,0,93,8,Cold,4.5,190,0,Decline
2023-07-30,P071,55,1.11,0,0,32,10,Cold,4.8,88,0,Decline
2023-06-12,P066,187,0.83,0,1,39,14,Mild,4.5,63,1,Growth
2023-01-07,P019,95,0.88,0,1,45,9,Mild,3.0,54,0,Decline
2023-07-04,P017,70,0.98,0,0,67,5,Hot,4.7,154,0,Growth
2023-05-18,P026,72,1.14,0,0,65,8,Hot,4.8,68,1,Maturity
2023-07-23,P083,119,0.87,1,0,63,14,Cold,4.8,173,1,Growth
2023-12-07,P038,167,0.97,1,1,87,6,Hot,3.3,111,1,Growth
2023-09-24,P037,65,1.09,1,1,49,5,Hot,4.2,89,1,Decline
2023-12-30,P045,78,1.07,1,1,89,8,Cold,4.6,98,0,Growth
2023-07-31,P039,72,1.07,1,1,35,15,Mild,3.1,172,0,Decline
2023-07-05,P029,88,0.83,0,1,70,15,Mild,3.9,181,0,Decline
2023-06-29,P018,193,1.15,0,0,21,15,Mild,4.8,53,1,Growth
2023-01-01,P062,83,1.12,0,0,95,8,Mild,4.1,181,1,Growth
2023-04-09,P035,77,0.81,1,1,100,13,Hot,3.4,165,1,Growth
2023-08-29,P021,107,0.86,1,1,83,9,Mild,4.6,192,1,Growth
2023-08-28,P051,195,0.91,1,0,88,7,Mild,3.2,109,0,Decline
2023-04-28,P043,197,0.88,0,1,71,12,Cold,3.2,111,1,Decline
2023-11-01,P004,88,1.11,1,1,98,11,Cold,3.1,160,0,Growth
2023-06-12,P092,158,0.96,1,1,44,15,Cold,4.2,77,1,Growth
2023-07-05,P066,89,1.1,0,0,29,11,Hot,3.9,186,1,Decline
2023-08-05,P022,189,1.01,0,1,72,8,Mild,4.5,118,1,Growth
2023-07-15,P022,190,1.04,0,1,47,11,Mild,3.5,146,1,Growth
2023-03-20,P032,110,1.12,1,0,99,9,Cold,4.5,117,0,Decline
2023-04-06,P060,122,1.16,0,1,76,12,Hot,4.6,71,0,Decline
2023-05-28,P082,134,0.81,0,1,36,15,Mild,4.8,136,0,Growth
2023-08-07,P005,67,0.83,0,1,75,11,Hot,3.2,148,0,Growth
2023-10-22,P074,140,1.2,0,0,96,6,Cold,3.8,168,0,Maturity
2023-01-30,P060,128,1.0,0,0,97,10,Mild,3.2,102,1,Maturity
2023-04-22,P067,65,1.19,0,1,46,10,Hot,4.1,106,1,Decline
2023-06-17,P098,66,0.89,1,0,46,10,Hot,5.0,199,0,Decline
2023-04-05,P076,193,1.1,0,0,39,14,Mild,4.5,190,1,Decline
2023-06-12,P001,76,0.98,0,1,96,9,Hot,3.2,173,0,Maturity
2023-08-25,P017,91,1.06,0,1,32,8,Cold,3.0,101,0,Decline
2023-06-03,P009,83,1.01,1,0,57,8,Mild,3.3,180,1,Maturity
2023-02-09,P042,189,0.92,0,0,60,5,Hot,4.5,128,1,Maturity
2023-01-26,P075,175,1.19,1,0,37,8,Mild,4.4,111,1,Decline
2023-06-10,P017,60,1.09,0,1,46,9,Cold,3.6,54,1,Decline
2023-11-25,P034,134,1.07,1,0,23,8,Mild,4.4,194,0,Maturity
2023-01-30,P041,78,1.08,0,1,87,11,Cold,3.3,51,0,Maturity
2023-11-11,P064,100,1.1,0,0,98,11,Hot,4.4,179,1,Maturity
2023-01-08,P029,70,1.04,1,1,66,6,Mild,4.5,166,1,Decline
2023-09-20,P080,53,1.03,1,1,96,6,Hot,4.6,51,1,Maturity
2023-09-23,P021,175,0.97,0,1,35,12,Mild,3.3,148,0,Maturity
2023-05-17,P011,188,0.85,0,0,72,10,Cold,4.2,65,0,Decline
2023-08-01,P009,106,1.12,0,0,52,9,Cold,3.8,135,1,Growth
2023-04-03,P100,59,0.95,0,0,21,8,Cold,3.8,158,1,Decline
2023-02-13,P053,104,0.87,1,0,33,5,Hot,4.5,107,0,Decline
2023-07-21,P060,94,0.84,0,0,62,11,Hot,4.2,51,1,Decline
2023-05-29,P068,134,1.01,1,1,47,6,Mild,4.4,113,1,Decline
2023-03-01,P095,82,0.81,0,1,85,7,Cold,4.7,79,0,Growth
2023-05-13,P030,115,0.99,0,1,60,13,Hot,4.9,174,1,Decline
2023-01-11,P010,63,0.98,1,0,64,5,Hot,4.2,55,1,Maturity
2023-05-07,P003,85,0.92,1,1,85,10,Mild,4.6,185,1,Maturity
2023-05-15,P061,137,1.15,0,1,75,15,Hot,3.5,90,1,Growth
2023-01-02,P036,104,1.08,0,1,52,13,Mild,3.2,192,0,Decline
2023-07-14,P065,76,0.93,0,1,63,11,Mild,3.9,119,0,Growth
2023-11-18,P047,102,1.2,0,0,72,10,Cold,3.2,57,0,Maturity
2023-01-08,P075,85,0.91,0,0,52,13,Cold,4.1,200,1,Growth
2023-07-28,P014,179,0.93,1,1,82,5,Mild,4.3,117,0,Growth
2023-11-21,P080,126,0.98,0,1,41,9,Hot,4.4,104,1,Growth
2023-02-27,P023,120,0.86,0,0,75,6,Hot,4.5,56,0,Growth
2023-06-19,P094,163,1.11,0,0,60,15,Hot,4.0,100,1,Maturity
2023-11-19,P069,53,0.95,0,0,67,10,Mild,3.0,67,0,Growth
2023-09-12,P042,197,1.08,0,0,94,8,Hot,4.1,140,1,Growth
2023-11-18,P014,125,1.0,0,0,56,12,Hot,3.1,180,0,Growth
2023-10-23,P062,151,0.82,1,1,58,8,Hot,4.3,115,0,Maturity
2023-12-13,P054,56,0.92,0,0,41,14,Hot,3.8,137,1,Maturity
2023-06-29,P096,131,0.9,1,0,85,8,Hot,3.6,172,0,Decline
2023-01-23,P060,116,0.87,0,0,89,14,Mild,4.3,141,1,Growth
2023-07-29,P011,128,0.92,0,0,82,7,Mild,4.6,156,1,Decline
2023-06-22,P029,184,1.01,1,0,20,5,Hot,3.7,152,0,Decline
2023-12-10,P029,86,1.18,0,1,55,7,Mild,3.5,164,1,Decline
2023-07-14,P049,116,0.84,0,0,30,12,Hot,4.5,182,0,Decline
2023-03-23,P070,106,1.06,0,0,43,9,Hot,4.7,187,1,Growth
2023-10-10,P063,137,1.19,1,1,83,13,Mild,4.6,119,1,Decline
2023-08-06,P009,52,1.06,0,1,44,15,Mild,4.6,193,1,Growth
2023-10-14,P054,148,0.91,1,1,58,9,Mild,4.9,114,1,Growth
2023-10-17,P028,93,0.88,0,0,44,6,Cold,4.1,199,0,Maturity
2023-03-07,P068,136,0.83,1,0,25,15,Mild,3.0,56,0,Maturity
2023-06-15,P011,128,0.87,1,1,42,15,Hot,3.2,146,0,Decline
2023-01-26,P059,113,1.11,1,1,57,7,Mild,3.2,123,1,Growth
2023-10-05,P036,110,0.97,1,0,67,10,Hot,3.7,170,0,Decline
2023-01-24,P066,73,1.03,1,0,63,7,Cold,4.8,186,0,Growth
2023-09-29,P039,65,1.02,0,1,32,15,Hot,4.7,95,0,Maturity
2023-06-15,P048,145,0.94,0,0,53,13,Hot,3.7,61,0,Decline
2023-11-18,P071,78,1.08,0,1,46,5,Cold,5.0,61,0,Maturity
2023-07-13,P073,80,1.19,1,0,59,11,Mild,3.6,100,0,Decline
2023-05-02,P042,116,0.94,1,1,48,13,Mild,4.0,118,1,Decline
2023-05-16,P036,166,0.9,0,0,89,9,Cold,4.2,114,0,Maturity
2023-09-04,P067,171,0.88,1,1,50,14,Mild,4.1,67,0,Decline
2023-12-19,P056,99,0.88,1,1,27,11,Cold,4.1,126,0,Maturity
2023-09-28,P004,130,1.17,1,0,55,13,Cold,4.5,180,0,Decline
2023-04-26,P065,175,1.14,1,0,69,9,Cold,4.2,74,1,Decline
2023-09-27,P082,83,0.87,0,0,22,14,Hot,3.2,167,1,Growth
2023-10-21,P097,170,1.14,0,0,93,13,Cold,4.3,108,1,Decline
2023-02-23,P083,88,1.08,0,1,74,13,Cold,4.8,195,0,Growth
2023-05-14,P041,150,1.18,1,1,90,13,Mild,4.8,113,1,Growth
2023-07-21,P052,176,1.01,1,0,40,10,Mild,4.7,82,0,Maturity
2023-01-02,P070,101,0.98,0,1,20,10,Cold,4.7,63,0,Maturity
2023-12-29,P001,110,0.95,1,0,50,10,Hot,3.0,182,1,Maturity
2023-03-27,P010,55,1.12,1,1,21,9,Mild,4.6,63,1,Decline
2023-04-07,P087,144,1.04,0,0,32,10,Cold,4.0,115,1,Decline
2023-04-23,P010,62,1.1,1,0,27,7,Cold,5.0,155,0,Maturity
2023-08-15,P003,65,0.97,0,1,98,9,Mild,3.8,146,1,Growth
2023-02-07,P097,162,1.14,1,0,26,12,Hot,4.6,115,1,Maturity
2023-01-30,P074,75,1.13,0,1,93,5,Hot,3.7,195,0,Maturity
2023-09-10,P068,66,1.04,0,0,97,11,Hot,4.4,86,1,Maturity
2023-09-13,P048,75,0.92,1,1,71,11,Cold,3.3,115,1,Maturity
2023-11-04,P025,174,1.16,0,0,36,14,Mild,4.4,71,0,Growth
2023-05-07,P057,154,0.97,0,1,23,12,Cold,4.5,178,1,Growth
2023-07-19,P063,147,1.01,0,0,71,13,Mild,3.9,133,1,Decline
2023-10-17,P034,64,0.87,1,1,49,15,Cold,4.3,185,1,Decline
2023-04-29,P084,87,0.82,1,0,32,12,Hot,4.6,130,1,Decline
2023-10-02,P043,172,1.15,1,1,30,12,Mild,5.0,61,1,Growth
2023-03-23,P038,94,0.97,1,1,67,11,Mild,3.8,115,0,Maturity
2023-11-18,P014,92,0.99,1,0,79,6,Hot,3.7,99,1,Decline
2023-09-29,P023,196,1.18,1,1,93,8,Hot,4.9,170,0,Maturity
2023-08-10,P021,90,1.19,1,1,44,11,Mild,4.9,183,1,Maturity
2023-08-15,P073,128,0.86,1,0,90,10,Mild,3.8,194,0,Decline
2023-09-06,P052,149,1.11,0,0,41,5,Mild,4.2,88,1,Maturity
2023-01-04,P088,102,1.14,1,0,23,6,Hot,5.0,76,0,Growth
2023-05-06,P096,96,1.1,0,1,30,14,Cold,3.9,102,1,Maturity
2023-06-22,P031,175,1.07,1,0,48,13,Mild,4.8,145,1,Growth
2023-06-23,P063,193,1.19,0,0,80,15,Hot,4.2,112,0,Decline
2023-09-18,P004,115,0.91,1,1,45,12,Cold,3.5,155,1,Maturity
2023-08-26,P029,140,1.16,1,0,43,6,Mild,3.4,165,1,Growth
2023-03-11,P047,105,0.83,0,0,32,9,Cold,4.5,50,0,Growth
2023-06-04,P079,50,1.1,1,1,21,11,Cold,3.4,69,1,Decline
2023-03-18,P017,172,0.9,1,1,78,7,Hot,4.7,158,1,Maturity
2023-08-07,P001,82,0.93,0,1,66,7,Hot,4.4,109,1,Growth
2023-07-18,P019,116,1.1,0,0,56,12,Cold,3.2,101,0,Growth
2023-11-28,P009,186,1.16,0,0,93,10,Mild,3.5,63,1,Decline
2023-01-07,P022,153,1.04,0,0,82,6,Hot,4.7,176,1,Growth
2023-03-23,P051,108,0.85,0,1,30,13,Mild,3.8,108,0,Growth
2023-11-10,P079,180,0.92,0,0,74,12,Cold,3.9,146,1,Maturity
2023-11-24,P046,84,1.05,0,1,39,12,Hot,3.7,91,0,Decline
2023-11-13,P072,106,0.81,1,1,70,5,Mild,4.7,66,1,Maturity
2023-12-17,P068,116,1.11,1,0,58,6,Mild,3.3,176,1,Decline
2023-04-05,P098,93,0.91,0,0,54,11,Cold,4.0,66,1,Maturity
2023-03-03,P077,134,1.16,0,1,83,8,Cold,3.0,77,0,Growth
2023-07-09,P095,90,1.14,1,1,52,10,Cold,4.8,198,0,Maturity
2023-04-18,P017,122,1.11,1,0,21,14,Cold,4.3,102,1,Growth
2023-10-13,P081,66,1.04,1,0,35,12,Hot,3.1,87,1,Maturity
2023-09-30,P083,198,0.88,1,0,74,10,Mild,3.4,105,0,Growth
2023-06-01,P054,178,0.86,0,1,56,13,Mild,4.2,60,0,Decline
2023-07-12,P099,97,0.83,1,1,70,6,Cold,3.0,75,0,Growth
2023-10-06,P097,113,1.04,0,1,23,7,Hot,3.4,193,0,Maturity
2023-09-29,P047,175,0.99,0,1,90,12,Cold,4.4,75,1,Decline
2023-10-15,P032,166,0.86,0,0,76,5,Hot,4.0,50,1,Decline
2023-06-05,P036,171,0.81,0,0,42,6,Hot,4.4,78,1,Growth
2023-11-07,P051,141,1.03,0,0,42,6,Mild,3.8,62,1,Maturity
2023-10-05,P025,172,1.0,0,1,33,8,Hot,4.6,111,0,Decline
2023-11-10,P055,175,0.81,0,1,31,15,Cold,4.0,102,0,Maturity
2023-04-28,P080,82,1.15,0,1,100,6,Mild,4.6,174,1,Maturity
2023-01-19,P057,142,1.07,1,1,64,10,Cold,3.7,112,0,Growth
2023-03-29,P060,72,1.06,1,1,32,11,Mild,3.4,56,1,Growth
2023-08-18,P041,128,1.06,1,1,63,12,Cold,3.0,99,1,Maturity
2023-10-25,P024,120,0.86,0,1,34,11,Hot,4.7,181,1,Maturity
2023-09-05,P008,135,0.98,1,1,73,12,Hot,4.8,122,1,Maturity
2023-01-28,P047,163,1.15,0,0,38,12,Hot,3.5,174,1,Maturity
2023-07-06,P079,91,1.1,1,0,62,15,Mild,4.3,166,1,Maturity
2023-02-04,P071,58,1.0,0,1,65,11,Cold,3.0,197,0,Growth
2023-10-09,P064,153,1.09,1,0,51,8,Hot,4.1,93,1,Maturity
2023-12-23,P001,110,0.85,0,0,48,15,Mild,3.8,104,0,Growth
2023-06-10,P097,159,0.98,0,1,85,10,Mild,3.4,157,1,Growth
2023-07-21,P084,50,1.08,1,0,30,13,Cold,3.5,68,0,Decline
2023-06-11,P080,96,0.84,0,0,49,8,Mild,4.5,99,0,Maturity
2023-07-01,P054,83,0.92,0,1,42,14,Hot,4.4,146,0,Growth
2023-06-21,P090,193,0.85,0,0,66,10,Mild,3.2,107,0,Maturity
2023-10-07,P009,137,1.0,1,1,47,5,Mild,4.3,57,1,Growth
2023-03-18,P060,117,0.91,0,0,24,11,Mild,3.7,180,1,Growth
2023-08-27,P082,176,1.12,0,1,69,15,Hot,3.3,102,0,Growth
2023-03-08,P009,83,1.06,0,1,41,5,Cold,5.0,141,1,Maturity
2023-03-16,P068,79,1.19,1,1,22,11,Mild,3.8,67,0,Maturity
2023-08-05,P095,132,1.09,0,0,71,13,Hot,4.8,179,0,Decline
2023-06-04,P030,78,0.98,0,0,44,14,Hot,3.5,130,0,Growth
2023-12-05,P056,156,1.05,1,0,78,15,Hot,4.1,125,0,Growth
2023-09-17,P097,148,0.89,0,0,95,5,Mild,3.6,100,0,Growth
2023-10-22,P043,101,1.05,1,0,79,12,Hot,4.2,164,1,Maturity
2023-04-06,P064,143,1.0,1,0,86,12,Mild,4.7,172,1,Maturity
2023-03-23,P010,58,1.13,1,0,81,9,Cold,3.5,109,0,Decline
2023-11-24,P079,90,1.12,0,0,58,6,Mild,3.2,98,0,Maturity
2023-09-25,P041,119,0.97,1,1,27,10,Hot,3.9,167,0,Decline
2023-10-30,P029,161,0.82,1,0,74,7,Mild,3.6,172,1,Growth
2023-09-29,P035,111,0.85,0,1,72,13,Hot,3.6,98,0,Maturity
2023-08-03,P099,143,1.06,1,1,48,5,Mild,3.1,83,1,Decline
2023-05-19,P070,51,0.98,1,0,76,7,Hot,3.9,178,1,Maturity
2023-08-21,P048,100,0.82,1,1,99,14,Mild,4.0,194,0,Decline
2023-10-13,P099,134,0.9,1,0,96,5,Hot,3.3,93,1,Growth
2023-04-22,P044,176,1.14,1,0,65,7,Cold,3.1,159,1,Growth
2023-09-17,P052,77,1.06,1,0,79,8,Mild,3.3,189,0,Maturity
2023-01-25,P013,91,1.19,1,1,87,10,Hot,4.0,69,1,Growth
2023-10-09,P021,143,1.15,0,1,67,5,Cold,4.3,97,0,Maturity
2023-11-30,P060,98,0.88,0,0,33,11,Mild,3.1,91,1,Growth
2023-04-04,P038,161,0.83,1,1,43,12,Mild,4.6,170,1,Growth
2023-10-12,P072,186,1.05,1,1,81,8,Cold,4.6,75,1,Maturity
2023-06-23,P080,63,0.91,0,0,84,5,Cold,3.1,68,1,Growth
2023-12-19,P012,78,1.1,1,0,43,6,Mild,3.7,196,1,Growth
2023-06-04,P005,175,0.88,0,1,58,10,Cold,3.0,131,0,Decline
2023-10-07,P051,58,0.9,0,0,63,7,Cold,4.4,91,1,Decline
2023-05-11,P038,92,0.86,1,0,46,7,Hot,3.7,161,1,Decline
2023-09-11,P046,148,1.01,1,1,61,12,Cold,4.8,73,0,Growth
2023-03-07,P065,142,1.01,1,0,65,10,Cold,4.6,117,0,Maturity
2023-03-26,P052,147,0.94,1,0,24,12,Cold,3.6,186,0,Growth
2023-07-27,P077,156,1.12,1,1,60,5,Hot,3.9,92,1,Decline
2023-09-16,P001,199,0.81,1,1,70,6,Hot,3.8,181,0,Decline
2023-01-28,P083,76,0.96,1,1,51,14,Mild,3.3,75,0,Decline
2023-06-29,P044,182,0.93,0,0,57,13,Mild,3.1,127,1,Maturity
2023-12-04,P057,92,1.0,1,0,95,7,Cold,3.3,85,0,Growth
2023-06-08,P017,81,1.0,1,0,72,13,Hot,4.8,57,1,Maturity
2023-02-08,P085,91,0.8,0,0,93,13,Mild,5.0,93,1,Decline
2023-03-26,P064,174,0.94,0,1,68,15,Hot,4.0,139,0,Decline
2023-10-11,P054,134,0.8,0,0,100,5,Cold,4.2,185,0,Growth
2023-04-16,P095,121,0.8,1,0,34,7,Cold,4.5,66,1,Growth
2023-05-16,P016,192,0.88,1,1,37,14,Cold,3.1,61,1,Maturity
2023-11-06,P071,74,1.18,1,0,35,11,Mild,3.9,144,0,Maturity
2023-02-08,P027,195,0.81,1,1,43,15,Hot,4.7,58,1,Growth
2023-06-04,P071,166,1.14,0,1,66,9,Mild,4.9,136,0,Decline
2023-03-13,P051,186,1.0,1,0,99,7,Cold,4.0,101,0,Decline
2023-01-18,P006,91,0.84,0,1,72,12,Cold,4.4,149,0,Decline
2023-05-24,P097,162,1.15,0,1,73,11,Hot,3.9,181,1,Growth
2023-05-25,P029,106,1.05,1,0,100,7,Mild,3.0,65,1,Decline
2023-06-05,P039,107,1.16,1,0,82,6,Hot,3.1,134,1,Maturity
2023-02-02,P012,140,1.04,0,1,38,14,Hot,4.8,109,0,Decline
2023-11-24,P073,94,1.12,0,1,28,10,Mild,3.0,161,0,Growth
2023-05-08,P091,70,1.19,0,0,40,5,Cold,4.8,147,1,Growth
2023-08-14,P099,93,0.9,1,0,37,8,Mild,4.1,50,1,Growth
2023-09-25,P089,140,1.06,1,0,40,14,Mild,3.4,112,0,Maturity
2023-01-21,P007,119,1.13,0,1,79,8,Hot,3.0,179,0,Decline
2023-06-15,P046,186,1.0,1,0,45,14,Mild,3.5,76,1,Decline
2023-01-28,P035,116,1.19,1,0,86,14,Hot,4.8,199,0,Decline
2023-09-29,P082,190,1.14,0,1,66,11,Hot,4.5,132,1,Growth
2023-11-02,P014,167,0.82,1,0,40,11,Hot,4.2,101,1,Growth
2023-05-09,P018,60,0.86,1,1,47,5,Mild,4.3,96,1,Maturity
2023-05-15,P027,59,1.17,0,1,22,7,Cold,4.8,135,0,Decline
2023-08-28,P056,127,1.14,1,0,94,10,Mild,3.3,196,0,Growth
2023-04-11,P053,64,1.16,1,0,66,9,Cold,3.5,142,0,Decline
2023-12-02,P014,149,1.08,0,1,53,11,Cold,3.6,91,1,Maturity
2023-03-28,P037,111,1.0,1,0,96,12,Mild,4.9,158,0,Growth
2023-05-24,P072,80,0.91,0,0,82,6,Cold,4.4,53,0,Maturity
2023-06-04,P057,87,0.95,1,1,81,9,Mild,3.2,191,0,Growth
2023-06-18,P074,147,0.84,1,0,27,11,Hot,3.3,83,0,Decline
2023-01-25,P099,124,0.88,0,0,20,9,Mild,4.3,199,1,Growth
2023-05-22,P038,109,0.95,0,1,100,8,Hot,4.5,144,0,Maturity
2023-03-09,P074,200,1.02,1,1,43,5,Hot,4.3,55,0,Decline
2023-09-16,P010,95,1.14,1,0,54,6,Cold,4.3,142,1,Maturity
2023-01-07,P008,172,0.93,0,0,58,14,Mild,4.1,184,1,Growth
2023-06-30,P056,53,1.04,0,0,24,8,Hot,3.2,157,0,Growth
2023-10-24,P008,85,0.85,1,0,59,9,Cold,4.3,120,0,Maturity
2023-11-20,P046,117,1.12,1,0,92,11,Hot,4.9,148,0,Growth
2023-08-11,P042,83,1.16,1,0,72,7,Mild,3.1,77,1,Growth
2023-06-21,P057,79,0.81,0,0,72,5,Mild,3.6,189,0,Growth
2023-05-06,P091,188,1.13,1,0,95,11,Hot,3.8,157,0,Maturity
2023-11-08,P049,141,1.01,0,1,42,12,Mild,3.2,177,1,Decline
2023-12-25,P055,54,1.1,1,0,35,11,Cold,3.0,108,1,Maturity
2023-12-20,P063,184,0.81,1,0,66,10,Mild,3.1,88,0,Decline
2023-12-29,P054,105,1.13,1,1,62,7,Mild,3.9,81,0,Growth
2023-04-15,P076,154,0.94,0,0,89,10,Cold,4.0,171,1,Decline
2023-09-10,P062,125,0.94,1,1,44,12,Hot,4.3,117,1,Growth
2023-04-17,P033,59,1.12,0,0,86,11,Cold,3.8,180,1,Decline
2023-12-25,P086,71,0.88,0,1,75,13,Cold,4.5,122,1,Decline
2023-09-23,P043,58,0.82,0,1,100,9,Cold,3.3,190,0,Decline
2023-02-26,P043,118,1.04,1,1,89,11,Hot,4.0,162,0,Growth
2023-09-08,P070,104,0.97,0,0,58,7,Hot,3.6,116,0,Maturity
2023-09-24,P082,174,0.96,1,1,21,5,Hot,3.4,190,0,Maturity
2023-03-21,P084,77,1.13,1,0,44,8,Hot,3.4,70,1,Decline
2023-07-04,P060,162,1.01,0,0,27,14,Mild,3.6,131,0,Maturity
2023-01-19,P080,194,1.12,0,1,84,14,Mild,3.9,182,1,Maturity
2023-10-17,P081,140,0.9,0,0,32,15,Hot,3.2,126,1,Growth
2023-07-27,P052,167,0.99,1,1,25,12,Hot,3.2,160,0,Maturity
2023-08-05,P021,165,0.82,1,0,42,12,Mild,3.5,103,0,Decline
2023-03-17,P081,173,1.15,0,1,39,9,Mild,4.5,86,0,Growth
2023-10-30,P090,124,1.05,1,1,52,8,Cold,4.2,161,1,Growth
2023-10-18,P087,127,1.04,0,1,48,13,Mild,3.9,145,0,Growth
2023-06-25,P096,178,0.98,1,0,64,12,Hot,3.2,193,1,Decline
2023-08-08,P054,105,1.2,1,0,25,7,Mild,4.5,184,0,Decline
2023-10-06,P074,83,0.93,1,1,24,8,Hot,3.2,82,1,Maturity
2023-06-30,P087,197,0.94,0,1,93,9,Cold,3.6,128,0,Growth
2023-12-07,P039,54,1.12,0,0,44,7,Hot,3.2,152,0,Growth
2023-01-28,P023,85,1.02,0,0,34,14,Hot,3.0,67,1,Decline
2023-01-09,P083,127,0.82,0,1,78,14,Mild,4.8,115,1,Decline
2023-02-14,P016,192,0.98,0,0,96,6,Hot,4.7,106,1,Decline
2023-12-31,P022,159,1.06,0,0,96,7,Hot,4.7,108,1,Maturity
2023-09-01,P081,182,0.91,1,1,93,12,Hot,4.0,75,0,Growth
2023-02-06,P093,109,1.14,1,0,72,13,Mild,4.9,102,1,Growth
2023-01-03,P097,50,0.95,1,1,74,14,Hot,3.5,198,1,Decline
2023-02-18,P033,153,0.91,0,1,62,9,Hot,3.5,146,0,Decline
2023-02-14,P005,189,1.08,1,1,53,8,Mild,3.2,125,1,Growth
2023-11-15,P009,93,0.98,0,0,86,11,Hot,4.9,177,1,Growth
2023-12-15,P027,149,1.02,0,0,41,6,Cold,4.6,179,0,Decline
2023-03-17,P001,103,1.03,0,1,69,7,Mild,3.2,190,1,Growth
2023-04-24,P022,134,0.82,1,1,20,13,Cold,4.2,167,0,Maturity
2023-08-06,P003,177,0.86,0,0,52,9,Mild,4.0,123,0,Maturity
2023-11-27,P027,134,1.18,0,1,66,7,Hot,4.0,194,0,Growth
2023-03-24,P068,63,1.04,1,0,68,5,Cold,3.2,59,1,Maturity
2023-12-06,P059,69,1.12,0,1,25,14,Hot,4.2,69,0,Growth
2023-01-19,P041,181,1.11,0,1,26,13,Hot,3.7,72,1,Decline
2023-12-08,P019,186,0.97,0,1,65,7,Mild,4.3,139,1,Decline
2023-02-28,P001,142,1.03,1,0,31,15,Hot,5.0,156,0,Maturity
2023-01-10,P083,50,1.18,0,0,37,11,Hot,4.5,105,0,Decline
2023-08-27,P002,121,1.12,1,1,79,12,Cold,4.8,160,0,Growth
2023-07-26,P026,84,0.84,1,1,89,6,Mild,4.6,83,1,Decline
2023-11-25,P016,173,1.14,1,1,94,13,Hot,3.5,52,1,Maturity
2023-01-11,P066,187,1.13,1,1,57,12,Cold,4.1,114,0,Growth
2023-05-10,P044,129,0.95,0,0,56,7,Hot,3.6,55,0,Growth
2023-07-23,P100,108,0.96,0,0,94,9,Mild,4.7,179,0,Growth
2023-11-26,P093,109,0.94,0,1,50,8,Cold,3.2,143,0,Decline
2023-07-29,P072,110,0.84,0,1,63,13,Hot,4.9,114,0,Growth
2023-12-15,P023,159,1.09,0,1,84,9,Mild,3.5,104,1,Growth
2023-02-24,P028,158,1.06,0,1,81,10,Mild,4.9,85,1,Maturity
2023-10-25,P092,141,0.94,1,0,29,6,Mild,4.4,51,1,Decline
2023-11-11,P093,54,1.12,1,0,41,11,Cold,4.3,105,1,Growth
2023-07-08,P008,106,0.82,1,0,53,15,Hot,4.7,193,0,Maturity
2023-01-31,P065,168,1.2,0,1,87,8,Hot,4.5,89,0,Decline
2023-12-13,P004,58,0.94,1,0,97,9,Hot,3.7,165,1,Decline
2023-07-14,P001,172,0.89,0,1,62,14,Cold,4.8,116,0,Growth
2023-11-06,P018,177,1.13,1,1,56,13,Hot,4.4,161,1,Maturity
2023-03-08,P088,195,1.08,1,0,32,5,Cold,3.5,169,1,Maturity
2023-12-19,P012,145,0.98,0,1,68,8,Cold,4.6,143,1,Maturity
2023-11-11,P016,77,0.85,0,0,64,11,Mild,3.5,111,1,Growth
2023-10-21,P033,57,0.86,1,1,40,15,Cold,4.5,187,1,Decline
2023-11-21,P038,153,1.08,1,1,33,6,Hot,3.8,188,0,Maturity
2023-12-17,P033,200,0.89,1,1,57,14,Hot,3.6,127,1,Maturity
2023-07-31,P010,152,0.96,0,1,72,15,Mild,4.5,51,0,Decline
2023-07-14,P027,177,0.96,0,1,45,6,Hot,4.4,62,0,Decline
2023-12-27,P039,81,1.15,0,0,61,6,Mild,3.3,171,0,Maturity
2023-06-16,P002,75,0.9,0,1,53,6,Hot,4.6,57,1,Decline
2023-10-15,P022,80,0.88,0,0,39,5,Hot,4.5,116,1,Decline
2023-01-18,P042,77,0.92,1,0,20,13,Mild,4.4,60,1,Growth
2023-05-23,P057,100,1.0,0,1,82,10,Cold,3.0,189,1,Decline
2023-02-28,P067,65,1.04,0,1,73,6,Mild,4.2,124,0,Decline
2023-01-24,P036,110,0.84,0,0,69,9,Hot,4.6,181,0,Decline
2023-06-20,P006,54,0.82,1,1,51,9,Cold,3.1,74,0,Decline
2023-04-02,P072,174,0.9,1,0,36,7,Hot,3.2,50,0,Decline
2023-10-19,P012,123,0.91,0,1,42,6,Cold,3.6,128,1,Decline
2023-01-19,P060,174,1.04,1,1,41,8,Mild,4.5,139,1,Growth
2023-11-16,P069,81,1.02,1,0,48,12,Mild,4.7,59,0,Maturity
2023-10-18,P022,64,0.83,1,1,45,12,Mild,4.0,163,0,Maturity
2023-01-06,P049,86,1.07,0,0,52,5,Mild,4.3,60,1,Growth
2023-10-13,P049,120,0.85,0,1,61,14,Hot,4.0,87,1,Growth
2023-03-01,P063,157,1.19,0,0,82,9,Mild,4.3,65,1,Decline
2023-09-02,P069,123,1.0,0,1,41,5,Cold,4.0,107,1,Maturity
2023-04-30,P088,116,0.8,1,0,70,9,Hot,4.5,129,1,Growth
2023-08-12,P087,79,0.88,0,0,98,7,Hot,5.0,153,0,Maturity
2023-11-03,P067,151,0.88,1,0,87,10,Mild,4.3,177,1,Decline
2023-09-19,P043,55,1.2,1,1,70,8,Cold,3.7,65,1,Maturity
2023-12-04,P090,85,1.16,1,1,31,7,Hot,4.0,159,0,Growth
2023-10-20,P077,103,0.86,0,0,22,9,Hot,3.5,75,0,Maturity
2023-04-13,P014,86,0.95,1,0,42,6,Cold,4.8,186,0,Maturity
2023-01-09,P063,123,0.9,1,0,38,5,Mild,4.9,121,1,Decline
2023-12-09,P100,119,0.91,0,1,31,7,Cold,4.3,79,1,Maturity
2023-05-04,P010,72,0.82,1,0,24,14,Mild,3.5,118,1,Maturity
2023-12-10,P042,150,1.15,1,1,58,10,Cold,4.7,59,1,Growth
2023-05-29,P020,160,1.08,1,0,41,8,Hot,5.0,136,1,Decline
2023-06-16,P063,76,0.94,0,0,85,9,Mild,3.3,135,1,Growth
2023-11-10,P065,83,1.16,0,1,51,5,Mild,4.5,172,1,Maturity
2023-07-30,P083,164,1.02,1,0,26,6,Cold,3.7,108,1,Maturity
2023-12-07,P047,69,0.93,0,1,37,13,Mild,4.1,178,1,Decline
2023-01-05,P083,177,0.91,0,0,100,12,Hot,4.5,163,1,Decline
2023-03-01,P036,97,1.17,1,0,21,8,Hot,3.9,118,1,Growth
2023-10-06,P067,125,0.83,1,1,22,13,Hot,3.7,135,1,Decline
2023-07-28,P013,112,1.04,1,1,23,13,Hot,4.5,85,0,Maturity
2023-07-30,P015,71,0.83,0,1,27,10,Mild,3.2,164,0,Growth
2023-05-01,P054,70,0.94,0,1,84,14,Cold,3.2,191,0,Growth
2023-03-20,P072,122,0.95,0,1,53,12,Mild,3.5,156,1,Decline
2023-01-17,P082,134,0.8,1,0,93,9,Mild,4.2,138,0,Maturity
2023-04-18,P012,193,0.87,0,0,100,12,Cold,3.1,125,0,Decline
2023-12-27,P065,157,0.9,0,0,97,10,Hot,4.0,140,0,Maturity
2023-06-12,P029,98,1.05,0,1,87,12,Hot,3.9,59,0,Decline
2023-03-10,P075,160,0.97,0,0,37,9,Mild,3.3,155,0,Decline
2023-08-24,P094,84,1.14,0,0,97,6,Mild,3.4,88,1,Decline
2023-10-03,P086,180,1.18,0,1,40,11,Mild,3.1,105,1,Decline
2023-10-04,P099,185,0.94,0,0,60,10,Hot,4.3,190,1,Growth
2023-08-21,P076,171,0.99,1,1,40,9,Cold,3.3,132,0,Maturity
2023-06-16,P069,67,1.17,0,0,72,13,Hot,4.5,105,1,Growth
2023-07-24,P041,81,1.09,0,0,65,9,Mild,4.2,136,1,Decline
2023-06-03,P063,117,1.13,1,0,63,8,Hot,3.8,122,1,Decline
2023-06-21,P020,158,0.97,0,0,49,8,Cold,3.8,150,1,Growth
2023-06-14,P060,103,1.01,0,0,48,11,Hot,4.3,73,0,Growth
2023-04-22,P087,144,1.0,1,0,26,11,Cold,4.6,114,1,Decline
2023-04-12,P008,145,0.86,0,1,57,9,Cold,4.8,163,1,Maturity
2023-01-23,P088,115,1.14,1,1,31,13,Hot,3.6,56,1,Growth
2023-03-23,P086,161,0.86,0,0,50,12,Mild,3.7,71,1,Growth
2023-01-30,P090,75,0.82,0,1,60,9,Cold,4.0,157,0,Maturity
2023-12-26,P082,155,1.03,0,0,28,12,Mild,4.7,96,1,Growth
2023-02-14,P069,164,1.09,1,1,43,11,Cold,3.2,180,0,Maturity
2023-12-25,P015,115,1.13,0,1,24,15,Cold,4.1,131,0,Maturity
2023-02-24,P096,147,0.82,1,0,60,15,Hot,4.4,117,0,Growth
2023-08-30,P063,102,1.01,1,1,22,13,Hot,4.3,133,0,Decline
2023-11-04,P037,74,0.81,1,0,32,6,Hot,4.5,108,0,Maturity
2023-04-26,P069,150,1.11,1,0,33,13,Mild,4.5,124,0,Growth
2023-10-12,P035,159,1.01,0,1,41,7,Cold,3.8,80,0,Maturity
2023-10-13,P083,152,0.81,0,0,74,7,Hot,3.6,55,1,Growth
2023-02-05,P040,114,1.16,0,0,37,11,Cold,3.1,135,1,Maturity
2023-10-17,P028,53,0.88,0,1,72,5,Mild,4.0,172,1,Decline
2023-05-04,P078,143,1.14,0,0,57,8,Mild,4.7,200,1,Growth
2023-09-30,P059,107,0.98,1,0,90,9,Hot,4.0,102,0,Growth
2023-06-13,P083,192,1.01,1,0,23,11,Mild,3.5,61,0,Decline
2023-03-29,P078,87,0.87,0,1,52,14,Mild,3.8,72,1,Maturity
2023-01-22,P006,56,0.85,1,0,100,12,Hot,4.2,109,1,Maturity
2023-06-10,P012,138,0.97,1,1,57,8,Cold,4.9,115,1,Decline
2023-11-04,P025,181,1.18,1,0,99,9,Mild,4.7,68,1,Decline
2023-05-30,P034,112,1.08,1,1,82,8,Hot,4.7,108,1,Decline
2023-08-20,P037,183,1.08,1,0,73,7,Mild,4.1,164,0,Decline
2023-05-16,P063,120,1.06,1,1,33,14,Cold,3.5,170,0,Maturity
2023-04-07,P087,107,1.11,1,1,57,7,Cold,4.7,115,0,Decline
2023-06-17,P074,125,1.19,0,0,83,11,Hot,4.8,198,1,Growth
2023-09-14,P092,108,0.87,0,1,84,14,Cold,3.5,102,1,Growth
2023-03-13,P085,66,1.05,0,0,40,8,Cold,3.9,131,0,Growth
2023-05-20,P042,192,0.93,0,0,75,7,Mild,3.1,66,0,Maturity
2023-05-23,P014,92,0.85,0,1,95,14,Cold,3.3,72,0,Decline
2023-05-11,P019,78,0.95,1,0,32,8,Mild,4.4,142,0,Maturity
2023-12-09,P070,81,0.85,0,0,27,15,Hot,3.0,68,0,Decline
2023-12-21,P046,89,1.07,0,0,86,15,Mild,4.6,193,0,Decline
2023-11-27,P056,65,0.96,0,1,57,9,Cold,4.8,64,1,Growth
2023-10-30,P024,186,0.99,0,0,87,13,Mild,4.9,117,0,Maturity
2023-02-20,P035,57,1.03,1,0,46,13,Hot,5.0,189,0,Maturity
2023-11-10,P015,122,0.85,1,1,92,15,Mild,4.7,92,0,Maturity
2023-10-01,P043,196,0.98,0,1,77,11,Hot,4.4,129,1,Decline
2023-05-03,P029,62,1.04,0,1,51,6,Mild,3.9,147,1,Decline
2023-07-07,P030,59,1.08,0,1,76,6,Hot,3.2,139,1,Maturity
2023-08-05,P015,101,0.89,1,0,89,9,Hot,3.8,163,1,Maturity
2023-02-03,P097,51,0.89,1,0,22,8,Cold,3.9,166,0,Decline
2023-03-18,P027,149,0.98,0,0,52,8,Mild,3.7,143,0,Maturity
2023-01-30,P046,76,1.0,1,0,72,7,Hot,4.0,88,0,Decline
2023-08-09,P059,196,0.83,0,0,86,11,Mild,3.1,126,1,Maturity
2023-06-03,P043,84,1.18,0,0,98,7,Cold,4.4,130,1,Maturity
2023-03-26,P022,118,1.17,0,1,86,8,Hot,4.4,173,1,Decline
2023-11-30,P023,122,0.96,0,0,47,14,Cold,3.8,134,0,Decline
2023-09-20,P043,164,1.13,1,0,70,6,Cold,3.7,85,1,Growth
2023-10-18,P088,114,0.83,1,1,62,15,Cold,4.4,145,1,Growth
2023-04-01,P098,111,0.85,1,0,82,5,Mild,4.6,137,1,Growth
2023-01-07,P075,84,0.88,0,0,39,10,Mild,3.3,190,1,Maturity
2023-10-30,P092,123,0.89,1,1,79,10,Mild,4.2,111,0,Decline
2023-06-01,P004,153,1.13,0,1,98,7,Cold,3.4,176,1,Maturity
2023-10-07,P075,74,0.98,1,0,73,7,Cold,3.4,168,1,Maturity
2023-12-29,P011,193,1.06,0,1,58,11,Cold,3.2,176,1,Growth
2023-01-29,P099,90,1.07,1,1,77,13,Hot,4.1,141,1,Decline
2023-05-16,P033,125,0.8,0,1,28,15,Mild,3.1,195,1,Growth
2023-02-16,P074,146,1.01,0,1,25,9,Hot,4.7,61,1,Growth
2023-03-01,P082,165,0.85,0,1,25,8,Hot,3.8,157,0,Maturity
2023-11-08,P081,126,0.94,0,0,87,11,Mild,3.9,177,1,Decline
2023-12-14,P100,199,1.12,1,1,62,13,Cold,4.7,112,1,Growth
2023-01-21,P020,171,0.96,0,0,75,15,Hot,4.4,63,0,Maturity
2023-12-16,P080,121,1.03,1,0,69,12,Hot,4.2,117,0,Growth
2023-08-29,P045,90,1.03,0,1,93,5,Hot,3.3,178,0,Maturity
2023-09-06,P063,194,0.87,0,1,87,8,Cold,4.5,90,0,Growth
2023-10-08,P051,118,0.9,0,0,79,10,Mild,4.4,134,0,Growth
2023-03-24,P036,121,1.02,0,0,33,5,Mild,4.6,142,0,Maturity
2023-08-31,P044,142,1.01,1,1,78,11,Mild,4.9,52,0,Growth
2023-05-03,P081,60,1.17,0,1,54,13,Mild,4.4,134,0,Growth
2023-09-03,P073,90,1.0,1,1,23,10,Cold,4.9,60,0,Maturity
2023-05-13,P037,168,0.89,1,1,73,13,Mild,4.7,155,1,Growth
2023-05-23,P072,54,0.93,1,0,26,9,Cold,3.8,199,1,Growth
2023-12-01,P066,188,1.11,0,1,81,15,Mild,3.7,184,1,Maturity
2023-10-06,P096,152,1.04,1,1,91,13,Mild,3.9,147,1,Decline
2023-12-15,P022,80,0.93,1,0,44,14,Mild,4.6,94,0,Maturity
2023-06-13,P093,56,0.8,1,1,49,8,Cold,4.1,104,1,Maturity
2023-07-27,P035,107,0.83,0,0,53,14,Cold,3.5,84,0,Maturity
2023-04-29,P099,96,1.05,1,0,59,8,Mild,5.0,103,0,Growth
2023-05-19,P007,142,1.12,1,1,94,13,Hot,3.1,61,1,Decline
2024-01-01,P017,156,0.98,1,0,90,9,Mild,4.0,105,0,Maturity
2023-05-04,P084,104,0.83,1,1,83,15,Hot,3.9,68,0,Maturity
2023-12-26,P044,53,0.82,1,1,79,12,Cold,3.4,197,0,Maturity
2023-08-12,P032,170,0.86,1,1,34,12,Mild,5.0,62,1,Decline
2023-07-25,P077,154,0.8,0,1,30,5,Cold,5.0,70,1,Decline
2023-08-05,P080,154,1.2,1,0,84,5,Mild,4.1,96,1,Maturity
2023-04-03,P092,79,0.96,0,1,87,14,Hot,4.2,138,0,Growth
2023-03-14,P037,133,1.02,1,0,25,6,Mild,4.2,149,1,Growth
2023-12-07,P042,197,1.01,0,1,64,15,Mild,3.7,133,1,Growth
2023-02-26,P067,130,1.01,1,0,63,8,Cold,4.9,123,1,Decline
2023-02-08,P089,51,1.05,0,1,54,7,Hot,4.1,180,0,Maturity
2023-11-23,P010,80,0.99,1,0,80,13,Hot,3.8,175,1,Decline
2023-07-29,P087,70,1.19,1,1,93,15,Hot,4.2,152,0,Decline
2023-03-17,P068,137,0.88,0,0,87,10,Cold,3.9,103,0,Maturity
2023-08-30,P070,165,0.82,0,1,38,12,Mild,3.8,159,1,Growth
2023-09-14,P079,131,0.86,0,1,83,9,Cold,4.1,179,0,Growth
2023-02-17,P064,90,0.83,0,0,69,7,Hot,3.4,188,0,Decline
2023-03-11,P017,70,1.15,1,1,49,11,Hot,3.6,52,1,Growth
2023-05-07,P010,60,1.19,1,1,96,10,Mild,4.7,138,0,Growth
2023-07-06,P022,78,1.19,1,1,97,13,Cold,3.7,175,0,Maturity
2023-10-31,P084,142,1.02,0,1,98,11,Cold,4.1,180,0,Decline
2023-05-22,P039,141,0.91,1,1,35,13,Mild,3.2,52,0,Decline
2023-12-18,P004,53,1.02,1,1,81,14,Mild,3.6,50,0,Growth
2023-07-27,P045,169,1.14,0,0,61,15,Hot,4.5,104,1,Growth
2023-07-23,P071,159,0.94,1,1,65,12,Cold,4.1,88,1,Maturity
2023-10-31,P030,116,0.9,0,1,50,8,Hot,4.2,145,0,Growth
2023-08-31,P075,101,1.08,0,0,56,14,Mild,4.2,178,1,Decline
2023-01-24,P075,141,1.02,1,0,97,6,Mild,3.5,104,0,Growth
2023-02-19,P077,108,1.05,0,1,49,7,Hot,3.5,79,0,Decline
2023-10-30,P060,142,1.0,1,0,53,14,Mild,4.9,197,1,Maturity
2023-05-10,P079,132,1.15,0,0,51,5,Cold,3.0,94,1,Growth
2023-08-26,P050,148,0.93,0,0,66,13,Cold,4.2,97,1,Growth
2023-03-09,P074,155,1.16,1,1,25,7,Hot,3.9,114,0,Decline
2023-08-24,P022,140,0.91,1,1,84,13,Hot,4.5,58,0,Growth
2023-08-10,P030,186,0.98,1,0,92,8,Hot,3.8,151,0,Growth
2023-08-28,P095,70,0.83,1,1,32,8,Cold,3.5,162,1,Growth
2023-12-07,P048,198,1.13,0,0,92,15,Cold,4.5,175,0,Growth
2023-09-04,P054,124,1.01,0,1,42,5,Mild,4.5,115,0,Maturity
2023-06-17,P073,146,0.97,1,0,26,15,Cold,3.2,183,1,Growth
2023-08-30,P080,101,0.85,0,1,77,11,Mild,3.6,200,0,Growth
2023-05-12,P078,130,1.05,0,1,95,7,Cold,3.8,156,1,Growth
2023-07-23,P032,139,0.92,1,0,34,12,Cold,4.7,150,0,Maturity
2023-07-24,P096,162,1.04,1,0,81,10,Cold,3.6,134,1,Decline
2023-07-14,P092,176,0.91,1,1,32,13,Cold,3.7,150,1,Maturity
2023-02-16,P024,182,1.15,1,1,92,5,Cold,4.7,135,1,Maturity
2023-02-16,P008,194,0.82,1,1,92,14,Hot,4.9,193,0,Decline
2023-05-31,P012,116,0.93,1,1,43,6,Cold,4.6,165,0,Decline
2023-09-13,P037,161,0.94,0,0,56,10,Mild,3.3,140,0,Maturity
2023-05-18,P057,85,1.04,1,0,46,6,Hot,4.5,98,0,Growth
2023-04-19,P099,69,0.87,0,0,81,11,Cold,3.7,137,1,Decline
2023-01-29,P083,102,0.99,0,0,55,5,Hot,4.5,157,0,Maturity
2023-12-30,P097,161,0.99,1,1,95,10,Cold,3.2,128,1,Decline
2023-11-17,P040,113,0.8,1,0,83,7,Hot,4.0,126,1,Maturity
2023-10-14,P010,108,1.07,0,0,41,12,Cold,4.0,83,0,Growth
2023-01-23,P051,145,1.05,0,0,81,10,Hot,3.5,79,0,Maturity
2023-02-17,P025,195,1.05,1,0,88,10,Hot,4.8,87,1,Decline
2023-01-09,P076,112,0.87,0,0,74,8,Hot,4.1,130,1,Maturity
2023-06-03,P072,121,1.0,0,0,64,13,Hot,4.6,94,1,Decline
2023-06-12,P090,161,1.05,0,1,42,9,Cold,4.2,169,0,Decline
2023-02-10,P037,150,1.16,1,1,96,5,Hot,3.1,180,0,Growth
2023-04-20,P031,163,1.08,0,0,100,11,Mild,4.5,130,0,Maturity
2023-10-03,P060,154,0.95,1,1,91,8,Mild,3.2,150,0,Maturity
2023-05-07,P100,134,1.06,1,1,64,6,Cold,3.6,167,1,Growth
2023-06-16,P076,87,1.11,0,0,32,10,Cold,3.1,122,1,Decline
2023-08-12,P039,198,0.9,1,0,97,7,Mild,3.8,158,1,Growth
2023-11-12,P039,113,0.93,0,0,22,9,Hot,4.2,91,1,Decline
2023-08-02,P087,180,1.01,1,1,89,13,Cold,4.3,109,0,Growth
2023-09-07,P034,192,1.01,1,1,38,6,Cold,3.0,78,1,Maturity
2023-10-18,P100,53,0.98,0,0,69,12,Mild,4.2,57,0,Growth
2023-02-21,P019,189,1.01,1,0,69,9,Hot,4.2,155,1,Decline
2023-03-01,P015,112,1.01,0,0,70,14,Cold,3.3,173,0,Maturity
2023-12-04,P089,144,1.16,1,1,86,15,Cold,3.6,174,0,Maturity
2023-02-03,P021,93,0.87,0,0,55,6,Cold,4.9,94,0,Decline
2023-11-06,P001,80,0.99,0,1,82,11,Hot,3.9,58,1,Growth
2023-11-18,P086,183,0.89,0,0,20,14,Cold,3.5,144,0,Decline
2023-09-18,P008,177,1.01,1,0,68,8,Hot,5.0,106,0,Growth
2023-02-14,P044,184,1.18,1,0,36,5,Hot,3.9,147,1,Growth
2023-12-02,P083,64,0.92,0,1,73,8,Hot,4.4,146,1,Decline
2023-07-01,P071,94,0.8,0,1,56,9,Mild,4.8,147,1,Maturity
2023-02-18,P034,169,1.2,1,0,22,15,Cold,4.9,80,1,Maturity
2023-11-15,P015,89,0.86,0,0,90,12,Cold,4.1,187,0,Maturity
2023-06-15,P091,149,0.93,1,0,55,15,Mild,3.8,166,1,Maturity
2023-08-08,P070,55,1.18,1,0,97,10,Mild,3.2,171,0,Maturity
2023-04-22,P069,136,1.01,1,1,56,10,Cold,4.3,69,0,Growth
2023-04-27,P085,174,0.82,0,1,51,5,Cold,3.5,167,0,Growth
2023-10-21,P033,178,1.04,0,1,53,5,Hot,4.8,124,1,Decline
2023-06-06,P068,69,0.85,0,1,83,8,Hot,3.8,192,0,Maturity
2023-06-29,P015,72,0.8,1,1,69,15,Hot,4.0,101,1,Maturity
2023-01-28,P040,107,0.86,0,0,36,6,Cold,4.0,178,0,Growth
2023-12-03,P006,162,0.94,1,0,97,7,Cold,4.6,67,1,Decline
2023-07-05,P045,156,1.03,1,0,23,5,Hot,3.1,145,0,Maturity
2023-09-06,P054,149,1.09,0,0,29,9,Mild,3.9,105,1,Maturity
2023-02-24,P077,169,0.86,1,1,28,13,Cold,4.8,152,1,Maturity
2023-10-12,P054,132,0.88,0,1,73,8,Mild,3.0,150,0,Growth
2023-07-10,P091,189,0.96,0,1,23,7,Mild,3.8,198,1,Maturity
2023-11-13,P012,63,1.04,1,1,32,5,Mild,3.7,107,1,Maturity
2023-02-24,P047,154,0.86,1,1,77,6,Cold,3.4,190,1,Decline
2023-01-23,P072,184,1.13,1,1,51,12,Mild,4.1,101,0,Growth
2023-02-12,P001,193,0.81,0,0,80,10,Hot,3.0,183,1,Growth
2023-11-09,P015,75,0.91,1,0,96,11,Cold,4.0,164,1,Growth
2023-12-30,P030,172,1.04,0,1,45,15,Hot,4.6,118,1,Maturity
2023-03-31,P087,112,0.91,1,0,75,12,Mild,3.3,148,1,Decline
2023-08-02,P057,145,0.98,0,0,61,8,Cold,3.1,187,0,Growth
2023-08-05,P008,84,1.17,1,0,87,10,Cold,3.1,174,1,Growth
2023-07-09,P066,152,0.85,0,1,31,13,Cold,3.7,127,1,Growth
2023-01-17,P095,169,1.06,0,1,58,6,Hot,4.4,78,0,Decline
2023-06-20,P035,51,1.06,0,0,53,10,Hot,3.8,151,1,Decline
2023-06-20,P056,55,0.93,1,1,70,11,Hot,3.8,159,0,Maturity
2023-10-01,P094,162,0.94,1,1,92,8,Hot,3.5,172,0,Decline
2023-02-24,P001,61,1.02,0,0,82,13,Cold,3.7,77,1,Growth
2023-01-17,P013,103,0.99,1,0,58,11,Cold,4.5,104,1,Decline
2023-01-21,P093,176,1.15,0,1,20,12,Cold,3.1,72,1,Maturity
2023-11-20,P074,57,1.03,1,0,28,13,Hot,5.0,118,1,Growth
2023-11-18,P001,142,0.83,1,0,65,13,Mild,3.3,163,1,Growth
2023-10-05,P047,127,1.15,0,1,80,14,Cold,4.6,166,1,Maturity
2023-08-06,P020,65,1.11,0,0,76,7,Mild,5.0,160,1,Growth
2023-03-27,P024,194,1.14,1,1,58,10,Cold,4.1,82,0,Decline
2023-02-24,P006,68,0.82,1,0,50,10,Hot,4.6,178,1,Decline
2023-06-22,P073,200,1.01,0,1,58,12,Mild,3.2,181,1,Growth
2023-06-02,P022,156,0.97,1,1,29,14,Hot,3.2,53,0,Growth
2023-05-27,P037,199,1.05,1,1,35,12,Cold,4.4,113,0,Maturity
2023-12-12,P015,90,1.15,0,1,39,14,Hot,4.8,108,1,Growth
2023-08-07,P079,80,0.86,1,1,81,15,Hot,3.3,52,0,Maturity
2023-07-31,P012,189,0.95,1,0,59,12,Hot,3.0,84,0,Maturity
2023-10-30,P067,87,0.98,0,0,96,14,Mild,3.1,98,1,Decline
2023-05-28,P060,181,1.1,1,1,63,10,Hot,4.6,157,1,Growth
2023-08-15,P026,190,0.85,1,1,35,10,Cold,4.3,154,0,Maturity
2023-11-06,P058,143,0.84,0,1,72,10,Cold,3.5,77,1,Maturity
2023-10-23,P021,64,1.07,0,1,75,14,Hot,3.7,198,0,Growth
2023-08-13,P018,76,0.93,0,0,44,11,Hot,3.2,164,0,Maturity
2023-01-09,P017,154,1.0,0,1,33,10,Cold,4.5,85,1,Maturity
2023-08-02,P082,174,1.03,1,0,77,6,Mild,4.4,161,1,Growth
2023-11-23,P095,188,1.04,1,1,64,15,Hot,3.9,165,1,Maturity
2023-02-11,P025,189,1.04,0,1,80,8,Hot,3.8,179,0,Maturity
2023-01-21,P080,152,0.84,1,0,92,6,Hot,3.7,146,0,Decline
2023-04-05,P032,72,1.14,0,0,25,7,Cold,3.5,130,1,Growth
2023-05-06,P043,77,1.11,1,1,31,15,Hot,3.7,168,1,Maturity
2023-04-29,P023,136,1.03,0,0,81,6,Hot,4.1,164,1,Growth
2023-06-30,P088,106,1.14,0,1,72,15,Cold,3.3,197,1,Growth
2023-04-25,P067,72,0.81,0,1,60,14,Mild,4.6,61,1,Growth
2023-03-30,P099,174,1.01,1,0,35,13,Hot,3.7,140,0,Growth
2023-11-09,P095,92,1.11,0,1,87,11,Cold,4.5,88,1,Decline
2023-10-24,P089,187,1.11,0,0,98,14,Cold,3.4,55,1,Growth
2023-10-14,P047,166,0.93,0,1,85,6,Cold,4.7,112,0,Maturity
2023-06-26,P041,192,1.02,0,0,95,7,Cold,3.1,100,0,Growth
2023-12-15,P035,121,1.16,1,0,39,9,Mild,3.3,128,1,Maturity
2023-11-18,P006,167,0.85,1,1,25,14,Hot,3.7,195,0,Maturity
2023-08-29,P009,128,0.84,1,0,21,10,Hot,4.5,98,0,Growth
2023-10-08,P010,69,1.16,1,0,48,13,Cold,4.0,96,1,Maturity
2023-12-08,P039,79,0.87,0,1,61,12,Mild,4.2,66,0,Growth
2023-01-09,P004,193,1.2,1,0,38,8,Hot,3.7,114,1,Decline
2023-11-27,P043,147,0.81,0,0,37,5,Mild,3.6,186,1,Decline
2023-08-20,P022,134,0.92,0,1,62,12,Hot,3.8,168,0,Growth
2023-07-26,P046,76,1.06,1,1,98,14,Hot,4.5,89,1,Maturity
2023-05-22,P066,88,1.13,0,1,63,9,Cold,3.3,53,1,Maturity
2023-06-08,P068,98,1.06,0,0,79,10,Mild,4.1,161,1,Growth
2023-08-22,P094,137,0.99,0,1,77,13,Hot,4.3,94,0,Maturity
2023-03-12,P013,75,1.07,1,0,94,10,Cold,3.1,167,0,Growth
2023-12-26,P032,84,1.01,0,0,30,6,Cold,3.8,110,1,Maturity
2023-03-07,P096,54,0.92,1,0,43,12,Mild,4.1,56,0,Growth
2023-05-07,P058,187,1.04,0,0,97,7,Mild,4.7,55,1,Growth
2023-04-17,P090,72,0.88,0,0,46,7,Cold,4.0,159,0,Growth
2023-12-20,P073,179,1.02,1,1,34,15,Cold,3.5,177,1,Decline
2023-07-21,P001,80,1.15,0,0,58,5,Hot,3.3,108,0,Maturity
2023-10-31,P058,140,0.92,0,1,77,13,Hot,4.3,59,1,Decline
2023-11-16,P015,145,0.95,1,1,62,10,Hot,3.8,107,1,Decline
2023-12-08,P004,150,1.06,1,0,62,9,Cold,3.5,97,1,Growth
2023-03-20,P053,141,0.82,1,1,54,12,Mild,3.9,89,1,Decline
2023-08-01,P070,70,1.09,0,0,96,6,Cold,4.9,63,1,Growth
2023-03-29,P045,167,1.14,0,0,74,5,Cold,3.8,160,1,Growth
2023-05-18,P008,82,0.81,1,1,65,10,Hot,3.5,101,0,Decline
2023-09-14,P071,82,0.84,0,1,27,15,Hot,4.3,101,1,Decline
2023-08-27,P019,114,1.1,0,1,47,5,Mild,4.0,54,0,Decline
2023-09-16,P009,86,0.94,0,1,30,12,Cold,4.5,200,1,Growth
2023-06-20,P008,135,0.99,0,0,41,6,Hot,3.7,80,1,Growth
2023-07-21,P069,99,1.11,1,1,80,7,Cold,3.8,99,0,Growth
2023-10-31,P006,155,0.88,1,0,98,6,Cold,3.3,146,0,Growth
2023-04-05,P055,96,0.84,0,0,25,5,Mild,3.8,118,0,Growth
2023-11-15,P001,123,0.83,0,1,85,8,Cold,3.7,131,1,Growth
2023-08-21,P036,147,0.92,1,1,62,14,Cold,3.6,52,0,Decline
2023-04-12,P041,51,1.06,1,0,96,12,Mild,3.9,96,1,Maturity
2023-06-18,P062,149,1.16,0,1,87,14,Mild,4.0,107,0,Decline
2023-10-09,P065,69,0.86,0,0,29,13,Cold,4.5,69,0,Maturity
2023-05-18,P076,112,1.09,0,0,20,12,Hot,3.8,56,0,Growth
2023-10-22,P004,89,1.1,0,1,22,6,Mild,3.6,114,0,Maturity
2023-07-12,P045,190,0.88,0,0,47,9,Mild,4.9,70,0,Maturity
2023-09-16,P084,192,1.06,0,1,97,10,Cold,3.3,81,0,Decline
2023-02-05,P085,189,0.82,0,0,66,15,Hot,3.3,59,0,Maturity
2023-03-11,P088,158,1.19,0,0,62,9,Mild,4.4,115,0,Decline
2023-01-23,P100,157,1.1,1,0,26,6,Hot,3.7,83,0,Growth
2023-04-11,P047,142,0.91,0,1,85,10,Cold,4.6,108,0,Maturity
2023-07-26,P003,54,0.94,0,1,98,9,Hot,4.1,187,1,Maturity
2023-01-27,P029,159,0.98,0,1,91,14,Mild,4.3,58,0,Maturity
2023-06-23,P043,109,1.08,1,1,45,6,Cold,4.2,142,0,Growth
2023-12-01,P002,171,1.1,1,1,48,14,Mild,4.2,119,1,Growth
2023-04-24,P095,142,1.19,1,1,34,5,Hot,4.7,183,1,Growth
2023-08-12,P034,77,0.89,0,0,60,9,Mild,4.1,56,0,Maturity
2023-04-27,P042,182,1.03,0,0,95,13,Hot,4.0,84,1,Decline
2023-04-27,P085,135,0.97,1,1,53,13,Hot,3.2,135,1,Growth
2023-01-22,P100,161,1.14,0,0,58,6,Hot,4.4,195,1,Maturity
2023-12-07,P040,180,0.96,1,0,67,13,Mild,5.0,126,1,Maturity
2023-12-01,P025,80,1.2,0,0,96,15,Mild,3.2,183,0,Decline
2023-11-13,P082,161,1.16,1,0,27,5,Mild,3.8,197,1,Growth
2023-01-03,P041,180,1.18,1,1,28,15,Cold,4.9,63,1,Growth
2023-02-26,P092,119,0.93,0,0,54,8,Mild,4.2,117,0,Maturity
2023-10-22,P061,109,0.97,0,0,61,7,Hot,3.5,155,0,Maturity
2023-06-16,P009,193,0.99,0,0,47,11,Mild,3.1,120,1,Maturity
2023-05-22,P071,192,0.86,1,1,45,9,Hot,3.3,188,0,Growth
2023-02-28,P008,107,0.9,0,1,89,8,Hot,4.2,148,1,Growth
2023-07-08,P004,170,0.99,0,0,40,5,Hot,3.0,145,0,Growth
2023-01-17,P091,177,1.14,1,0,69,6,Cold,4.5,120,1,Decline
2023-07-30,P043,86,1.05,0,0,90,10,Cold,3.3,74,0,Growth
2023-08-27,P053,124,1.1,0,0,46,13,Hot,3.3,71,0,Maturity
2023-05-12,P064,132,0.82,1,0,96,12,Mild,3.4,68,1,Decline
2023-06-16,P047,188,0.98,1,0,94,12,Hot,3.8,161,1,Decline
2023-09-10,P052,51,1.13,1,1,49,13,Cold,3.0,184,0,Growth
2023-02-28,P067,179,0.96,0,0,66,7,Cold,4.8,171,1,Decline
2023-08-15,P061,159,1.11,0,1,93,12,Cold,4.2,165,1,Maturity
2023-05-30,P063,164,0.81,0,0,20,9,Cold,4.6,109,1,Growth
2023-03-07,P031,164,1.04,1,0,43,6,Cold,4.0,183,1,Growth
2023-10-09,P088,155,1.04,0,0,74,6,Hot,3.8,164,0,Growth
2023-12-02,P023,94,0.85,0,0,96,9,Mild,4.9,63,0,Decline
2023-03-09,P033,198,0.97,0,0,82,10,Cold,3.1,156,0,Maturity
2023-05-26,P059,115,1.07,0,0,22,14,Cold,3.2,144,1,Growth
2023-10-07,P064,67,1.17,0,1,35,10,Mild,4.4,63,1,Maturity
2023-12-27,P062,122,1.2,0,0,42,10,Hot,3.6,135,0,Decline
2023-02-07,P051,103,1.09,0,1,82,5,Hot,3.5,173,0,Maturity
2023-09-26,P021,173,0.9,0,1,39,9,Mild,3.3,95,0,Maturity
2023-02-15,P001,182,0.95,1,0,40,6,Mild,3.9,194,1,Maturity
2023-09-17,P064,192,1.05,0,1,97,14,Cold,4.3,91,1,Maturity
2023-10-01,P062,151,1.13,0,1,99,15,Hot,3.3,53,0,Maturity
2023-11-22,P065,85,1.14,1,1,51,14,Cold,3.2,115,0,Growth
2023-08-01,P073,173,0.97,0,1,49,12,Hot,4.3,196,1,Decline
2023-01-06,P087,146,0.97,0,1,58,13,Mild,4.4,134,0,Growth
2023-01-07,P073,94,0.9,0,0,98,9,Cold,3.8,180,0,Growth
2023-10-06,P004,151,0.94,0,1,75,12,Hot,3.3,81,0,Maturity
2023-10-20,P045,111,0.95,0,0,23,8,Mild,3.9,171,0,Maturity
2023-06-05,P092,103,1.03,0,0,78,12,Mild,3.1,181,1,Growth
2023-01-19,P001,149,0.88,0,1,31,7,Mild,3.5,77,1,Decline
2023-04-05,P078,81,1.13,1,1,66,12,Hot,3.6,51,1,Growth
2023-08-05,P017,73,0.87,1,1,75,10,Hot,4.3,68,0,Growth
2023-11-30,P007,120,0.98,1,0,61,10,Mild,3.5,82,0,Decline
2023-08-03,P027,58,0.99,1,0,95,15,Mild,4.0,97,0,Decline
2023-03-17,P006,71,0.8,1,0,60,12,Cold,3.1,86,0,Maturity
2023-03-24,P049,186,1.16,0,1,28,5,Cold,4.7,104,1,Decline
2023-04-10,P089,51,0.82,1,0,43,15,Hot,4.8,85,1,Decline
2023-05-23,P015,173,1.15,0,1,23,15,Hot,4.2,152,0,Maturity
2023-03-24,P076,61,0.94,0,0,65,15,Mild,4.9,189,1,Maturity
2023-05-28,P091,176,0.99,0,0,85,9,Cold,5.0,114,1,Decline
2023-12-23,P019,89,0.94,0,0,20,14,Cold,4.3,89,0,Maturity
2023-10-21,P055,141,0.85,0,0,59,5,Hot,4.0,121,1,Maturity
2023-03-24,P026,70,0.96,1,0,43,14,Hot,4.6,156,0,Maturity
2023-03-20,P003,55,1.13,1,1,92,12,Mild,3.8,78,0,Maturity
2023-08-09,P062,95,0.88,1,1,66,12,Hot,4.8,131,0,Maturity
2023-06-08,P079,181,0.96,1,1,95,9,Cold,4.3,115,0,Growth
2023-03-30,P085,56,1.17,0,1,69,11,Mild,4.2,93,0,Growth
2023-10-14,P063,144,1.11,0,0,86,12,Hot,3.4,109,0,Maturity
2023-05-13,P091,60,0.87,0,1,70,15,Cold,3.9,70,0,Maturity
2023-02-01,P093,140,0.86,1,0,63,10,Hot,3.4,64,0,Maturity
2023-09-02,P017,63,0.81,1,0,46,6,Mild,4.8,114,1,Decline
2023-03-28,P045,97,1.07,0,0,58,14,Mild,3.5,100,1,Decline
2023-03-25,P082,117,0.92,1,0,68,5,Mild,3.4,149,0,Decline
2023-04-10,P028,112,0.94,0,1,66,15,Hot,4.3,68,0,Decline
2023-01-27,P045,90,1.09,1,1,79,6,Mild,3.3,107,0,Decline
2023-03-01,P100,72,0.91,0,1,81,10,Hot,3.5,142,1,Growth
2023-11-27,P012,146,1.02,0,1,41,14,Cold,4.9,142,1,Maturity
2023-02-06,P092,142,1.19,0,0,29,14,Cold,3.8,127,0,Maturity
2023-06-01,P031,60,1.19,1,1,35,13,Hot,3.6,60,0,Growth
2023-04-17,P068,118,0.86,0,1,45,12,Cold,3.6,195,1,Decline
2023-08-28,P039,120,0.89,0,1,98,7,Hot,4.9,137,0,Decline
2023-05-31,P012,109,1.12,0,1,80,13,Mild,4.4,121,1,Decline
2023-02-15,P062,85,1.03,0,1,98,14,Hot,3.0,182,0,Maturity
2023-08-04,P099,79,1.03,0,1,44,10,Cold,3.9,62,1,Growth
2023-10-14,P017,115,1.03,1,0,30,5,Cold,3.1,57,1,Growth
2023-12-26,P050,176,1.09,1,1,30,15,Mild,4.8,114,1,Growth
2023-11-19,P092,65,0.8,0,1,76,7,Cold,4.4,134,0,Growth
2023-03-30,P089,105,1.19,0,1,41,13,Hot,3.2,190,1,Growth
2023-10-25,P059,71,1.01,0,0,52,7,Mild,4.0,110,1,Maturity
2023-09-28,P091,66,1.04,1,0,91,8,Cold,4.8,108,0,Decline
2023-02-24,P016,146,0.95,0,0,99,5,Mild,4.3,153,0,Maturity
2023-02-17,P057,183,1.0,1,0,29,13,Hot,4.8,168,0,Decline
2023-01-19,P090,61,1.02,0,0,31,12,Cold,4.5,178,1,Decline
2023-03-31,P038,86,1.03,1,0,90,14,Cold,3.6,192,0,Decline
2023-08-05,P091,61,1.17,0,0,32,5,Cold,4.4,179,0,Maturity
2023-10-11,P083,124,0.88,0,0,96,8,Hot,5.0,55,0,Maturity
2023-04-01,P074,99,1.01,1,0,80,7,Mild,3.3,120,0,Maturity
2023-03-19,P012,50,1.05,0,1,43,7,Cold,3.0,153,1,Growth
2023-10-25,P013,112,0.96,1,1,84,8,Cold,3.4,186,0,Decline
2023-03-23,P080,176,0.98,0,1,50,15,Cold,3.3,100,0,Decline
