Date,Product_ID,Current_Inventory,Reorder_Point,Lead_Time,Order_Frequency,Demand_Forecast,Warehouse_Capacity,Supplier_Reliability,Holding_Cost,Return_Rate
2023-09-07,P020,105,234,10,Weekly,129,1929,0.85,0.93,0.02
2023-05-02,P069,527,370,14,Weekly,160,1096,0.7,0.97,0.03
2023-06-18,P083,947,244,11,Weekly,124,1231,0.8,0.57,0.02
2023-08-09,P041,182,262,12,Weekly,124,1773,0.75,0.58,0.03
2023-11-25,P016,520,215,10,Weekly,116,713,0.85,0.67,0.01
2023-02-14,P038,210,256,14,Weekly,103,1775,0.7,0.59,0.04
2023-01-22,P096,404,94,5,Weekly,62,943,0.99,0.82,0.04
2023-09-16,P008,260,255,11,Weekly,131,1805,0.8,0.64,0.02
2023-10-29,P073,577,272,15,Weekly,104,1267,0.7,0.43,0.05
2023-07-27,P097,238,188,7,Weekly,138,1785,0.99,0.83,0.01
2023-01-19,P067,873,444,15,Weekly,184,1313,0.7,0.73,0.05
2023-04-29,P027,899,224,8,Weekly,153,522,0.95,0.69,0.05
2023-08-31,P080,729,129,9,Weekly,62,929,0.9,0.49,0.03
2023-12-05,P058,149,122,10,Weekly,51,1169,0.85,0.94,0.02
2023-07-28,P025,385,115,5,Weekly,92,1820,0.99,0.47,0.02
2023-12-07,P024,813,171,12,Weekly,71,959,0.75,0.82,0.01
2023-08-25,P051,565,298,10,Weekly,174,1490,0.85,0.98,0.02
2023-04-27,P008,156,260,12,Weekly,123,842,0.75,0.92,0.05
2023-06-26,P062,930,277,15,Weekly,106,996,0.7,0.86,0.04
2023-05-29,P062,749,300,15,Weekly,117,1984,0.7,0.69,0.01
2023-08-09,P068,118,248,12,Weekly,116,912,0.75,0.74,0.03
2023-04-05,P059,488,137,10,Weekly,61,1835,0.85,0.45,0.03
2023-04-16,P033,871,412,15,Weekly,169,1904,0.7,0.73,0.03
2023-01-06,P022,454,230,12,Weekly,105,1750,0.75,0.66,0.04
2023-06-20,P033,467,353,11,Weekly,193,509,0.8,0.94,0.04
2023-08-13,P064,899,189,11,Weekly,89,1436,0.8,0.5,0.03
2023-02-24,P042,703,244,14,Weekly,97,1015,0.7,0.97,0.04
2023-12-13,P056,241,192,9,Weekly,111,1565,0.9,0.77,0.02
2023-06-19,P011,554,170,15,Weekly,56,893,0.7,0.64,0.03
2023-10-11,P077,976,444,14,Weekly,197,1914,0.7,0.62,0.03
2023-11-26,P059,296,215,15,Weekly,77,1494,0.7,0.85,0.04
2023-10-10,P023,742,160,14,Weekly,55,1716,0.7,0.53,0.04
2023-12-07,P095,348,467,15,Weekly,195,1119,0.7,0.94,0.03
2023-03-13,P044,500,136,11,Weekly,55,682,0.8,0.79,0.02
2023-01-23,P075,661,234,7,Weekly,184,1943,0.99,0.31,0.05
2023-03-26,P088,525,308,10,Weekly,181,828,0.85,0.55,0.02
2023-08-11,P007,290,194,6,Weekly,169,1994,0.99,0.9,0.04
2023-02-25,P079,586,261,10,Weekly,148,675,0.85,0.99,0.05
2023-03-23,P075,868,179,9,Weekly,101,1092,0.9,0.75,0.02
2023-02-19,P068,362,145,6,Weekly,111,1908,0.99,0.88,0.01
2023-11-15,P084,287,226,8,Weekly,154,740,0.95,0.8,0.04
2023-02-17,P008,488,187,15,Weekly,64,870,0.7,0.91,0.03
2023-10-26,P093,641,114,6,Weekly,75,929,0.99,0.94,0.04
2023-04-03,P045,700,362,15,Weekly,146,548,0.7,0.42,0.05
2023-04-22,P057,526,298,14,Weekly,124,962,0.7,0.87,0.04
2023-02-06,P037,987,255,12,Weekly,120,1185,0.75,0.39,0.01
2023-05-01,P079,761,210,10,Weekly,112,1212,0.85,0.44,0.01
2023-08-24,P076,339,145,5,Weekly,134,1256,0.99,0.44,0.03
2023-10-11,P093,377,312,11,Weekly,167,693,0.8,0.37,0.02
2023-07-02,P008,541,203,7,Weekly,153,1965,0.99,0.39,0.04
2023-07-20,P025,703,204,6,Weekly,180,1384,0.99,0.59,0.04
2023-09-14,P032,116,158,6,Weekly,127,904,0.99,0.71,0.04
2023-02-06,P047,626,276,11,Weekly,144,1372,0.8,0.49,0.03
2023-09-22,P086,305,157,5,Weekly,150,1745,0.99,0.31,0.03
2023-08-30,P049,195,157,5,Weekly,150,1289,0.99,0.79,0.03
2023-04-22,P071,689,207,10,Weekly,110,1407,0.85,0.32,0.04
2023-06-04,P098,408,172,6,Weekly,143,944,0.99,0.95,0.04
2023-07-29,P042,364,157,7,Weekly,107,1772,0.99,0.76,0.03
2023-10-11,P086,693,289,13,Weekly,129,1205,0.7,0.72,0.05
2023-09-03,P025,549,222,10,Weekly,121,1279,0.85,0.5,0.02
2023-04-10,P028,359,434,14,Weekly,192,1448,0.7,0.5,0.04
2023-05-30,P017,547,296,12,Weekly,144,1299,0.75,0.84,0.04
2023-11-16,P084,385,303,11,Weekly,161,1656,0.8,0.68,0.05
2023-12-25,P022,940,134,8,Weekly,74,937,0.95,0.92,0.05
2023-05-30,P056,620,142,5,Weekly,130,721,0.99,0.81,0.04
2023-02-23,P078,450,120,5,Weekly,98,1166,0.99,0.96,0.03
2023-06-02,P091,949,167,5,Weekly,164,1356,0.99,0.49,0.02
2023-11-17,P011,149,326,11,Weekly,176,1002,0.8,0.4,0.02
2023-08-22,P043,627,219,7,Weekly,169,1022,0.99,0.98,0.03
2023-11-26,P063,699,155,9,Weekly,82,1727,0.9,0.98,0.04
2023-02-17,P044,285,420,14,Weekly,185,1010,0.7,0.67,0.01
2023-01-11,P025,413,291,13,Weekly,130,1934,0.7,0.57,0.02
2023-09-19,P048,288,303,11,Weekly,161,1522,0.8,0.42,0.02
2023-07-30,P020,910,309,11,Weekly,165,1370,0.8,0.88,0.02
2023-08-04,P033,884,128,8,Weekly,69,1377,0.95,0.9,0.05
2023-04-19,P037,813,174,5,Weekly,174,501,0.99,0.81,0.02
2023-10-21,P090,856,382,15,Weekly,155,959,0.7,0.88,0.03
2023-04-26,P025,420,182,10,Weekly,93,1115,0.85,0.81,0.03
2023-06-22,P035,442,294,14,Weekly,122,1853,0.7,0.93,0.01
2023-01-26,P026,313,114,7,Weekly,64,1316,0.99,0.46,0.03
2023-04-01,P033,944,123,8,Weekly,64,602,0.95,0.43,0.01
2023-01-10,P027,493,271,12,Weekly,129,866,0.75,0.79,0.05
2023-01-01,P049,221,112,8,Weekly,55,1076,0.95,0.31,0.04
2023-09-26,P053,707,356,15,Weekly,143,682,0.7,0.43,0.03
2023-01-05,P016,957,92,6,Weekly,50,1578,0.99,0.69,0.02
2023-06-05,P095,550,172,6,Weekly,143,638,0.99,0.66,0.04
2023-08-03,P067,266,348,14,Weekly,149,863,0.7,0.96,0.03
2023-06-05,P066,624,219,8,Weekly,148,1859,0.95,0.87,0.04
2023-10-14,P005,682,190,6,Weekly,164,1049,0.99,0.5,0.05
2023-08-18,P065,598,187,13,Weekly,74,632,0.7,0.54,0.02
2023-06-27,P080,829,350,12,Weekly,175,728,0.75,0.69,0.03
2023-04-27,P029,651,249,7,Weekly,199,832,0.99,0.6,0.04
2023-12-20,P063,725,243,8,Weekly,169,1840,0.95,0.37,0.04
2023-07-05,P096,534,129,5,Weekly,111,1168,0.99,0.97,0.01
2023-07-23,P090,387,246,9,Weekly,153,563,0.9,0.55,0.01
2023-08-24,P082,359,217,13,Weekly,90,1473,0.7,0.35,0.02
2023-05-24,P033,880,154,10,Weekly,73,1646,0.85,0.96,0.04
2023-09-10,P086,358,290,9,Weekly,187,650,0.9,0.83,0.03
2023-01-18,P016,679,185,6,Weekly,158,1871,0.99,0.7,0.04
2023-07-09,P034,367,85,5,Weekly,50,874,0.99,0.95,0.02
2023-05-24,P096,450,130,7,Weekly,80,1369,0.99,0.56,0.03
2023-08-11,P063,201,226,9,Weekly,137,1097,0.9,0.96,0.04
2023-10-19,P096,840,152,6,Weekly,120,1800,0.99,0.6,0.02
2023-02-15,P002,992,195,12,Weekly,85,1565,0.75,0.41,0.02
2023-08-28,P012,592,355,12,Weekly,178,1383,0.75,0.76,0.05
2023-03-04,P063,529,109,8,Weekly,52,709,0.95,0.66,0.03
2023-10-17,P026,412,210,9,Weekly,125,1285,0.9,0.57,0.04
2023-06-21,P039,389,294,15,Weekly,114,1916,0.7,0.94,0.04
2023-08-18,P083,385,163,13,Weekly,61,1435,0.7,0.85,0.03
2023-11-14,P067,825,130,8,Weekly,70,724,0.95,0.43,0.01
2023-05-15,P095,134,378,14,Weekly,164,608,0.7,0.77,0.03
2023-02-07,P089,133,146,7,Weekly,96,715,0.99,0.48,0.01
2023-11-23,P020,444,255,12,Weekly,120,1080,0.75,0.73,0.03
2023-03-27,P068,155,198,13,Weekly,80,1066,0.7,0.92,0.05
2023-12-21,P019,980,350,14,Weekly,150,1607,0.7,0.56,0.02
2023-07-13,P033,574,282,9,Weekly,181,719,0.9,0.96,0.03
2023-01-01,P086,252,332,14,Weekly,141,1910,0.7,0.72,0.05
2023-09-11,P095,450,223,12,Weekly,101,645,0.75,0.49,0.02
2023-10-23,P085,339,154,10,Weekly,73,1972,0.85,0.65,0.03
2023-01-27,P004,813,158,11,Weekly,69,1032,0.8,0.73,0.05
2023-11-14,P032,402,155,6,Weekly,123,1258,0.99,0.82,0.01
2023-09-30,P063,563,269,8,Weekly,192,1938,0.95,0.95,0.03
2023-06-01,P010,706,258,8,Weekly,182,1042,0.95,0.81,0.04
2023-04-26,P072,213,93,5,Weekly,61,1852,0.99,0.63,0.04
2023-12-03,P099,436,280,9,Weekly,179,764,0.9,0.47,0.05
2023-10-21,P075,119,129,7,Weekly,79,897,0.99,0.35,0.04
2023-06-24,P045,654,232,15,Weekly,85,1871,0.7,0.79,0.02
2023-12-27,P043,702,317,10,Weekly,187,818,0.85,0.73,0.03
2023-11-11,P021,848,198,13,Weekly,80,1264,0.7,0.83,0.04
2023-12-14,P084,533,330,14,Weekly,140,1126,0.7,0.38,0.03
2023-02-15,P074,559,360,13,Weekly,167,1098,0.7,0.43,0.02
2023-02-09,P044,621,111,7,Weekly,61,1074,0.99,0.97,0.03
2023-02-26,P036,100,299,9,Weekly,194,1139,0.9,0.98,0.03
2023-08-27,P055,467,373,13,Weekly,174,1149,0.7,0.62,0.01
2023-05-16,P022,573,139,5,Weekly,125,1296,0.99,0.37,0.03
2023-09-02,P077,844,245,12,Weekly,114,1003,0.75,0.33,0.04
2023-09-07,P008,603,125,9,Weekly,59,1883,0.9,0.86,0.04
2023-07-21,P021,945,228,12,Weekly,104,1847,0.75,0.59,0.02
2023-05-11,P085,220,127,7,Weekly,77,1479,0.99,0.49,0.01
2023-10-12,P051,746,179,9,Weekly,101,1345,0.9,0.79,0.03
2023-03-26,P086,627,172,13,Weekly,66,806,0.7,0.75,0.03
2023-01-15,P078,605,202,12,Weekly,89,1484,0.75,0.86,0.05
2023-06-15,P025,638,193,6,Weekly,167,1739,0.99,0.32,0.01
2023-06-05,P020,652,164,12,Weekly,67,705,0.75,0.58,0.03
2023-01-04,P056,858,255,12,Weekly,120,1757,0.75,0.38,0.02
2023-11-22,P070,501,194,12,Weekly,84,1319,0.75,0.76,0.04
2023-04-25,P057,502,146,7,Weekly,96,503,0.99,0.41,0.04
2023-04-15,P058,666,143,8,Weekly,82,1737,0.95,0.5,0.02
2023-06-14,P067,461,149,6,Weekly,116,675,0.99,0.7,0.03
2023-01-04,P086,963,199,11,Weekly,95,1963,0.8,0.91,0.04
2023-09-17,P062,653,264,12,Weekly,125,843,0.75,0.93,0.03
2023-12-05,P096,331,160,9,Weekly,86,1121,0.9,0.82,0.03
2023-05-27,P073,740,455,15,Weekly,189,1530,0.7,0.47,0.04
2023-10-13,P083,365,263,8,Weekly,187,1528,0.95,0.84,0.03
2023-12-16,P009,690,191,15,Weekly,66,1626,0.7,0.88,0.04
2023-12-21,P057,612,141,5,Weekly,128,654,0.99,0.73,0.02
2023-12-17,P035,590,217,10,Weekly,117,1852,0.85,0.52,0.02
2023-02-27,P042,454,256,13,Weekly,111,1176,0.7,0.97,0.01
2023-08-27,P092,181,166,8,Weekly,102,1464,0.95,0.34,0.04
2023-10-27,P094,727,315,10,Weekly,186,1916,0.85,0.89,0.02
2023-03-18,P077,261,134,9,Weekly,66,1241,0.9,0.61,0.03
2023-01-31,P019,738,285,11,Weekly,150,1190,0.8,0.5,0.04
2023-01-18,P010,732,345,11,Weekly,188,1988,0.8,0.76,0.05
2023-04-02,P003,348,188,5,Weekly,194,1519,0.99,0.44,0.03
2023-08-20,P018,893,403,15,Weekly,165,1016,0.7,0.69,0.04
2023-10-08,P030,517,201,7,Weekly,151,536,0.99,0.78,0.04
2023-11-14,P071,824,300,9,Weekly,195,647,0.9,0.7,0.02
2023-04-23,P010,231,238,8,Weekly,165,1659,0.95,0.75,0.02
2023-04-05,P033,605,252,13,Weekly,109,1150,0.7,0.66,0.03
2023-12-26,P019,459,222,8,Weekly,151,1265,0.95,0.74,0.04
2023-03-22,P096,109,230,11,Weekly,115,1968,0.8,0.42,0.01
2023-09-17,P005,509,315,13,Weekly,143,1607,0.7,0.35,0.01
2023-05-18,P016,777,148,10,Weekly,69,528,0.85,0.66,0.03
2023-08-18,P049,395,197,8,Weekly,129,736,0.95,0.92,0.02
2023-07-04,P091,863,178,11,Weekly,82,644,0.8,0.38,0.03
2023-03-11,P003,551,192,9,Weekly,111,1672,0.9,0.35,0.02
2023-05-03,P096,803,232,10,Weekly,128,678,0.85,0.64,0.02
2023-04-11,P091,267,95,6,Weekly,53,626,0.99,0.69,0.03
2023-04-23,P022,476,346,12,Weekly,173,930,0.75,0.67,0.05
2023-10-11,P096,958,269,9,Weekly,171,926,0.9,0.37,0.02
2023-10-14,P039,945,234,8,Weekly,161,1578,0.95,0.87,0.04
2023-02-02,P015,281,192,10,Weekly,100,947,0.85,0.61,0.04
2023-10-17,P009,727,136,7,Weekly,86,1488,0.99,0.93,0.02
2023-02-21,P031,107,282,11,Weekly,148,575,0.8,0.53,0.04
2023-05-26,P082,768,274,10,Weekly,157,1983,0.85,0.93,0.04
2023-09-14,P026,258,139,7,Weekly,89,735,0.99,0.75,0.03
2023-07-19,P080,449,264,9,Weekly,167,894,0.9,0.79,0.03
2023-12-29,P097,509,403,15,Weekly,165,1589,0.7,0.89,0.04
2023-03-19,P039,341,150,10,Weekly,70,1529,0.85,0.39,0.05
2023-12-30,P056,579,298,13,Weekly,134,1507,0.7,0.91,0.02
2023-09-03,P028,449,241,9,Weekly,149,1883,0.9,0.93,0.04
2023-06-12,P023,554,114,5,Weekly,90,1203,0.99,0.48,0.04
2023-03-11,P026,634,172,8,Weekly,107,685,0.95,0.98,0.03
2023-05-28,P097,857,195,12,Weekly,85,1503,0.75,0.95,0.03
2023-01-15,P086,224,276,11,Weekly,144,1860,0.8,0.34,0.02
2023-11-19,P057,244,110,7,Weekly,60,1544,0.99,0.84,0.03
2023-10-17,P055,293,228,13,Weekly,96,1294,0.7,0.9,0.03
2023-12-05,P051,461,132,5,Weekly,115,1429,0.99,0.38,0.03
2023-04-24,P008,791,125,5,Weekly,105,1259,0.99,0.56,0.04
2023-09-20,P006,734,210,9,Weekly,125,1179,0.9,0.62,0.03
2023-11-03,P027,278,162,14,Weekly,56,981,0.7,1.0,0.03
2023-09-15,P069,860,194,12,Weekly,84,671,0.75,0.34,0.03
2023-10-24,P059,434,175,5,Weekly,176,1792,0.99,0.31,0.03
2023-06-26,P075,946,185,7,Weekly,135,851,0.99,0.78,0.02
2023-05-22,P032,752,286,14,Weekly,118,1263,0.7,0.3,0.05
2023-12-20,P066,775,270,11,Weekly,140,940,0.8,0.56,0.04
2023-02-18,P038,555,152,13,Weekly,55,1200,0.7,0.81,0.02
2023-06-02,P089,972,176,5,Weekly,177,759,0.99,0.72,0.02
2023-05-01,P044,768,182,14,Weekly,66,661,0.7,0.82,0.03
2023-06-17,P076,777,145,6,Weekly,111,1145,0.99,0.34,0.04
2023-11-16,P072,957,162,6,Weekly,131,959,0.99,0.37,0.02
2023-03-23,P058,682,157,5,Weekly,151,776,0.99,0.77,0.05
2023-03-28,P041,265,165,10,Weekly,81,1167,0.85,0.69,0.04
2023-01-09,P088,536,298,12,Weekly,145,1994,0.75,0.35,0.03
2023-11-17,P055,958,289,9,Weekly,186,682,0.9,0.75,0.04
2023-08-21,P067,853,362,11,Weekly,199,1231,0.8,0.36,0.05
2023-09-04,P006,264,146,6,Weekly,112,1820,0.99,0.39,0.04
2023-03-27,P042,142,177,6,Weekly,149,726,0.99,0.72,0.02
2023-11-14,P038,615,326,13,Weekly,149,662,0.7,0.34,0.04
2023-07-18,P049,436,167,5,Weekly,164,1931,0.99,0.84,0.05
2023-06-05,P092,400,391,12,Weekly,199,567,0.75,0.53,0.01
2023-05-06,P095,863,213,13,Weekly,88,1917,0.7,0.83,0.01
2023-09-30,P054,964,151,5,Weekly,142,1116,0.99,0.48,0.02
2023-07-21,P060,391,127,10,Weekly,54,882,0.85,0.64,0.03
2023-07-11,P036,810,161,13,Weekly,60,1508,0.7,0.37,0.03
2023-11-04,P012,132,414,14,Weekly,182,583,0.7,0.65,0.04
2023-07-06,P039,477,132,5,Weekly,115,759,0.99,0.74,0.04
2023-05-18,P090,629,169,6,Weekly,139,1031,0.99,0.64,0.02
2023-05-18,P088,843,159,12,Weekly,64,1237,0.75,0.96,0.03
2023-03-17,P004,751,146,6,Weekly,112,1601,0.99,0.64,0.02
2023-10-25,P017,727,252,12,Weekly,118,1036,0.75,0.93,0.05
2023-05-06,P024,925,170,6,Weekly,140,1285,0.99,0.88,0.01
2023-12-23,P080,275,208,14,Weekly,79,1059,0.7,0.62,0.02
2023-03-30,P026,847,141,8,Weekly,80,737,0.95,0.98,0.01
2023-03-13,P089,464,100,5,Weekly,71,1414,0.99,0.64,0.03
2023-08-04,P045,704,101,7,Weekly,51,1737,0.99,0.35,0.03
2023-03-02,P037,702,283,15,Weekly,109,1479,0.7,0.74,0.05
2023-10-14,P031,158,177,7,Weekly,127,1966,0.99,0.83,0.04
2023-02-01,P017,161,187,10,Weekly,96,766,0.85,0.4,0.03
2023-07-10,P091,853,272,15,Weekly,104,1372,0.7,0.79,0.04
2023-12-21,P013,442,326,11,Weekly,176,1207,0.8,0.69,0.03
2023-12-23,P027,582,145,11,Weekly,61,1641,0.8,0.37,0.04
2023-07-17,P019,223,224,12,Weekly,102,1922,0.75,0.6,0.02
2023-11-09,P089,244,258,8,Weekly,182,967,0.95,0.3,0.03
2023-02-17,P058,766,241,7,Weekly,191,1423,0.99,0.85,0.02
2023-11-20,P011,973,178,11,Weekly,82,1749,0.8,0.84,0.02
2023-11-30,P030,336,127,10,Weekly,54,1577,0.85,0.66,0.02
2023-12-14,P070,451,178,6,Weekly,150,1120,0.99,0.44,0.02
2023-02-09,P027,500,228,14,Weekly,89,1155,0.7,0.63,0.03
2023-08-24,P010,572,218,8,Weekly,147,1006,0.95,0.38,0.04
2023-07-30,P071,974,128,10,Weekly,55,1265,0.85,0.71,0.04
2023-06-12,P066,360,424,14,Weekly,187,1839,0.7,0.81,0.04
2023-01-07,P019,149,172,9,Weekly,95,1979,0.9,0.76,0.04
2023-07-04,P017,510,100,5,Weekly,70,1761,0.99,0.39,0.01
2023-05-18,P026,764,132,8,Weekly,72,1810,0.95,0.45,0.05
2023-07-23,P083,592,288,14,Weekly,119,863,0.7,0.78,0.02
2023-12-07,P038,866,193,6,Weekly,167,1868,0.99,0.54,0.01
2023-09-24,P037,399,96,5,Weekly,65,1567,0.99,0.56,0.01
2023-12-30,P045,756,139,8,Weekly,78,1025,0.95,0.83,0.03
2023-07-31,P039,251,204,15,Weekly,72,1385,0.7,0.53,0.03
2023-07-05,P029,416,238,15,Weekly,88,775,0.7,0.72,0.04
2023-06-29,P018,105,463,15,Weekly,193,1808,0.7,0.89,0.03
2023-01-01,P062,525,144,8,Weekly,83,889,0.95,0.58,0.01
2023-04-09,P035,433,193,13,Weekly,77,790,0.7,0.42,0.05
2023-08-29,P021,899,187,9,Weekly,107,1052,0.9,0.81,0.05
2023-08-28,P051,411,245,7,Weekly,195,769,0.99,0.91,0.01
2023-04-28,P043,526,387,12,Weekly,197,981,0.75,0.51,0.05
2023-11-01,P004,773,188,11,Weekly,88,1967,0.8,0.98,0.03
2023-06-12,P092,108,388,15,Weekly,158,1092,0.7,0.65,0.02
2023-07-05,P066,808,189,11,Weekly,89,1645,0.8,0.95,0.02
2023-08-05,P022,912,266,8,Weekly,189,1153,0.95,0.59,0.03
2023-07-15,P022,535,348,11,Weekly,190,1180,0.8,0.34,0.03
2023-03-20,P032,394,191,9,Weekly,110,1515,0.9,0.88,0.04
2023-04-06,P060,253,259,12,Weekly,122,1469,0.75,0.79,0.03
2023-05-28,P082,687,337,15,Weekly,134,925,0.7,0.73,0.03
2023-08-07,P005,868,155,11,Weekly,67,1769,0.8,0.95,0.02
2023-10-22,P074,903,170,6,Weekly,140,1828,0.99,0.98,0.04
2023-01-30,P060,919,232,10,Weekly,128,1896,0.85,0.98,0.04
2023-04-22,P067,664,142,10,Weekly,65,1724,0.85,0.46,0.02
2023-06-17,P098,507,144,10,Weekly,66,1718,0.85,0.88,0.05
2023-04-05,P076,386,436,14,Weekly,193,1131,0.7,0.39,0.01
2023-06-12,P001,646,147,9,Weekly,76,939,0.9,0.87,0.01
2023-08-25,P017,197,154,8,Weekly,91,1563,0.95,0.72,0.04
2023-06-03,P009,305,144,8,Weekly,83,737,0.95,0.98,0.03
2023-02-09,P042,326,185,5,Weekly,189,1149,0.99,0.88,0.05
2023-01-26,P075,803,250,8,Weekly,175,1352,0.95,0.68,0.04
2023-06-10,P017,344,127,9,Weekly,60,1795,0.9,0.6,0.05
2023-11-25,P034,337,203,8,Weekly,134,1893,0.95,0.85,0.01
2023-01-30,P041,853,172,11,Weekly,78,521,0.8,0.92,0.02
2023-11-11,P064,388,207,11,Weekly,100,1849,0.8,0.57,0.02
2023-01-08,P029,347,110,6,Weekly,70,1326,0.99,0.53,0.02
2023-09-20,P080,297,95,6,Weekly,53,1637,0.99,0.34,0.03
2023-09-23,P021,669,350,12,Weekly,175,1384,0.75,0.54,0.01
2023-05-17,P011,538,318,10,Weekly,188,1103,0.85,0.59,0.02
2023-08-01,P009,101,186,9,Weekly,106,1890,0.9,0.99,0.03
2023-04-03,P100,371,117,8,Weekly,59,1171,0.95,0.92,0.04
2023-02-13,P053,401,124,5,Weekly,104,630,0.99,0.41,0.04
2023-07-21,P060,381,197,11,Weekly,94,1091,0.8,0.69,0.01
2023-05-29,P068,410,164,6,Weekly,134,1781,0.99,0.54,0.01
2023-03-01,P095,497,132,7,Weekly,82,1360,0.99,0.7,0.03
2023-05-13,P030,342,263,13,Weekly,115,1100,0.7,0.49,0.04
2023-01-11,P010,116,95,5,Weekly,63,700,0.99,0.91,0.05
2023-05-07,P003,101,171,10,Weekly,85,1605,0.85,0.36,0.03
2023-05-15,P061,912,343,15,Weekly,137,1165,0.7,0.65,0.01
2023-01-02,P036,376,243,13,Weekly,104,1321,0.7,0.53,0.02
2023-07-14,P065,829,169,11,Weekly,76,587,0.8,0.57,0.03
2023-11-18,P047,882,195,10,Weekly,102,1447,0.85,0.64,0.04
2023-01-08,P075,454,207,13,Weekly,85,1850,0.7,0.44,0.04
2023-07-28,P014,181,177,5,Weekly,179,1155,0.99,0.99,0.03
2023-11-21,P080,544,212,9,Weekly,126,969,0.9,0.85,0.03
2023-02-27,P023,874,152,6,Weekly,120,1861,0.99,0.87,0.04
2023-06-19,P094,755,399,15,Weekly,163,1941,0.7,0.68,0.05
2023-11-19,P069,808,125,10,Weekly,53,1808,0.85,0.89,0.03
2023-09-12,P042,205,275,8,Weekly,197,1295,0.95,0.87,0.02
2023-11-18,P014,269,264,12,Weekly,125,1905,0.75,0.99,0.04
2023-10-23,P062,235,222,8,Weekly,151,1943,0.95,0.4,0.05
2023-12-13,P054,520,162,14,Weekly,56,1563,0.7,0.31,0.02
2023-06-29,P096,780,199,8,Weekly,131,1120,0.95,0.61,0.04
2023-01-23,P060,907,282,14,Weekly,116,716,0.7,0.3,0.02
2023-07-29,P011,564,178,7,Weekly,128,923,0.99,0.69,0.03
2023-06-22,P029,837,181,5,Weekly,184,801,0.99,0.75,0.03
2023-12-10,P029,882,136,7,Weekly,86,1111,0.99,0.5,0.01
2023-07-14,P049,107,248,12,Weekly,116,685,0.75,0.63,0.02
2023-03-23,P070,747,186,9,Weekly,106,1649,0.9,0.66,0.04
2023-10-10,P063,878,304,13,Weekly,137,1535,0.7,0.45,0.02
2023-08-06,P009,803,161,15,Weekly,52,589,0.7,0.69,0.03
2023-10-14,P054,749,240,9,Weekly,148,821,0.9,0.4,0.03
2023-10-17,P028,389,129,6,Weekly,93,602,0.99,0.66,0.01
2023-03-07,P068,339,341,15,Weekly,136,1973,0.7,0.34,0.04
2023-06-15,P011,727,324,15,Weekly,128,1210,0.7,0.33,0.01
2023-01-26,P059,460,163,7,Weekly,113,1262,0.99,0.83,0.03
2023-10-05,P036,214,207,10,Weekly,110,511,0.85,0.3,0.03
2023-01-24,P066,638,123,7,Weekly,73,1809,0.99,0.71,0.02
2023-09-29,P039,864,189,15,Weekly,65,1789,0.7,0.93,0.04
2023-06-15,P048,502,319,13,Weekly,145,1696,0.7,0.36,0.01
2023-11-18,P071,140,105,5,Weekly,78,1818,0.99,0.64,0.01
2023-07-13,P073,679,175,11,Weekly,80,1806,0.8,0.43,0.04
2023-05-02,P042,499,265,13,Weekly,116,698,0.7,0.54,0.02
2023-05-16,P036,340,263,9,Weekly,166,1618,0.9,0.7,0.04
2023-09-04,P067,945,392,14,Weekly,171,1998,0.7,0.97,0.03
2023-12-19,P056,115,205,11,Weekly,99,1314,0.8,0.71,0.02
2023-09-28,P004,545,291,13,Weekly,130,550,0.7,0.9,0.04
2023-04-26,P065,488,275,9,Weekly,175,1847,0.9,0.86,0.03
2023-09-27,P082,462,216,14,Weekly,83,1203,0.7,0.8,0.01
2023-10-21,P097,192,365,13,Weekly,170,886,0.7,0.44,0.04
2023-02-23,P083,679,213,13,Weekly,88,1334,0.7,0.53,0.01
2023-05-14,P041,612,328,13,Weekly,150,1391,0.7,0.71,0.04
2023-07-21,P052,246,301,10,Weekly,176,1308,0.85,1.0,0.01
2023-01-02,P070,400,194,10,Weekly,101,1873,0.85,0.68,0.01
2023-12-29,P001,869,207,10,Weekly,110,1156,0.85,0.77,0.05
2023-03-27,P010,517,120,9,Weekly,55,1181,0.9,0.91,0.02
2023-04-07,P087,893,255,10,Weekly,144,1964,0.85,0.52,0.02
2023-04-23,P010,860,112,7,Weekly,62,1455,0.99,0.84,0.05
2023-08-15,P003,534,133,9,Weekly,65,1903,0.9,0.91,0.03
2023-02-07,P097,590,327,12,Weekly,162,1071,0.75,0.36,0.03
2023-01-30,P074,606,103,5,Weekly,75,1414,0.99,0.79,0.02
2023-09-10,P068,361,153,11,Weekly,66,1090,0.8,0.71,0.03
2023-09-13,P048,811,167,11,Weekly,75,672,0.8,0.43,0.01
2023-11-04,P025,633,398,14,Weekly,174,1881,0.7,0.56,0.03
2023-05-07,P057,646,314,12,Weekly,154,780,0.75,0.95,0.03
2023-07-19,P063,890,323,13,Weekly,147,810,0.7,0.88,0.01
2023-10-17,P034,203,187,15,Weekly,64,1036,0.7,0.56,0.03
2023-04-29,P084,460,199,12,Weekly,87,1329,0.75,0.32,0.02
2023-10-02,P043,339,344,12,Weekly,172,850,0.75,0.32,0.05
2023-03-23,P038,412,197,11,Weekly,94,757,0.8,0.41,0.02
2023-11-18,P014,980,128,6,Weekly,92,977,0.99,0.72,0.03
2023-09-29,P023,483,274,8,Weekly,196,1034,0.95,0.57,0.03
2023-08-10,P021,852,191,11,Weekly,90,1448,0.8,0.6,0.01
2023-08-15,P073,530,232,10,Weekly,128,1782,0.85,0.78,0.04
2023-09-06,P052,116,156,5,Weekly,149,1114,0.99,0.34,0.03
2023-01-04,P088,134,137,6,Weekly,102,636,0.99,0.56,0.05
2023-05-06,P096,195,242,14,Weekly,96,1811,0.7,0.49,0.04
2023-06-22,P031,883,375,13,Weekly,175,914,0.7,0.75,0.01
2023-06-23,P063,864,463,15,Weekly,193,1345,0.7,0.64,0.01
2023-09-18,P004,613,247,12,Weekly,115,640,0.75,0.33,0.01
2023-08-26,P029,978,170,6,Weekly,140,1944,0.99,0.46,0.03
2023-03-11,P047,671,185,9,Weekly,105,686,0.9,0.53,0.03
2023-06-04,P079,220,128,11,Weekly,50,654,0.8,0.89,0.04
2023-03-18,P017,162,222,7,Weekly,172,1267,0.99,0.83,0.03
2023-08-07,P001,642,132,7,Weekly,82,1785,0.99,0.91,0.03
2023-07-18,P019,162,248,12,Weekly,116,1999,0.75,0.62,0.03
2023-11-28,P009,515,315,10,Weekly,186,1566,0.85,0.81,0.03
2023-01-07,P022,249,181,6,Weekly,153,1650,0.99,0.45,0.02
2023-03-23,P051,602,250,13,Weekly,108,859,0.7,0.45,0.03
2023-11-10,P079,626,358,12,Weekly,180,1716,0.75,0.92,0.03
2023-11-24,P046,126,194,12,Weekly,84,1005,0.75,0.36,0.03
2023-11-13,P072,487,125,5,Weekly,106,1630,0.99,0.79,0.02
2023-12-17,P068,833,149,6,Weekly,116,1358,0.99,0.67,0.02
2023-04-05,P098,399,196,11,Weekly,93,1421,0.8,0.74,0.05
2023-03-03,P077,966,203,8,Weekly,134,725,0.95,0.96,0.04
2023-07-09,P095,786,178,10,Weekly,90,597,0.85,0.91,0.03
2023-04-18,P017,999,294,14,Weekly,122,1678,0.7,0.37,0.02
2023-10-13,P081,598,163,12,Weekly,66,1070,0.75,0.68,0.03
2023-09-30,P083,503,332,10,Weekly,198,1155,0.85,0.49,0.01
2023-06-01,P054,154,380,13,Weekly,178,1188,0.7,0.62,0.04
2023-07-12,P099,737,133,6,Weekly,97,1404,0.99,0.77,0.01
2023-10-06,P097,639,163,7,Weekly,113,1408,0.99,0.61,0.03
2023-09-29,P047,605,350,12,Weekly,175,651,0.75,0.48,0.02
2023-10-15,P032,530,168,5,Weekly,166,687,0.99,0.89,0.04
2023-06-05,P036,673,196,6,Weekly,171,1629,0.99,0.69,0.02
2023-11-07,P051,367,170,6,Weekly,141,608,0.99,0.95,0.01
2023-10-05,P025,274,246,8,Weekly,172,1451,0.95,0.34,0.05
2023-11-10,P055,510,425,15,Weekly,175,590,0.7,0.89,0.01
2023-04-28,P080,385,120,6,Weekly,82,1924,0.99,0.33,0.04
2023-01-19,P057,123,252,10,Weekly,142,1630,0.85,0.65,0.01
2023-03-29,P060,559,163,11,Weekly,72,869,0.8,0.64,0.01
2023-08-18,P041,145,269,12,Weekly,128,1995,0.75,0.8,0.05
2023-10-25,P024,820,238,11,Weekly,120,1414,0.8,0.67,0.05
2023-09-05,P008,408,281,12,Weekly,135,1039,0.75,0.82,0.03
2023-01-28,P047,979,329,12,Weekly,163,1923,0.75,0.4,0.05
2023-07-06,P079,426,245,15,Weekly,91,889,0.7,0.88,0.05
2023-02-04,P071,359,141,11,Weekly,58,540,0.8,0.33,0.03
2023-10-09,P064,565,224,8,Weekly,153,1274,0.95,0.99,0.01
2023-12-23,P001,641,285,15,Weekly,110,1969,0.7,0.81,0.04
2023-06-10,P097,485,277,10,Weekly,159,1144,0.85,0.43,0.03
2023-07-21,P084,793,142,13,Weekly,50,1981,0.7,0.93,0.03
2023-06-11,P080,157,159,8,Weekly,96,503,0.95,0.51,0.04
2023-07-01,P054,371,216,14,Weekly,83,898,0.7,0.84,0.03
2023-06-21,P090,628,325,10,Weekly,193,1809,0.85,0.61,0.04
2023-10-07,P009,717,147,5,Weekly,137,752,0.99,0.72,0.02
2023-03-18,P060,693,233,11,Weekly,117,555,0.8,0.63,0.04
2023-08-27,P082,777,427,15,Weekly,176,931,0.7,0.86,0.04
2023-03-08,P009,836,109,5,Weekly,83,1413,0.99,0.56,0.02
2023-03-16,P068,240,174,11,Weekly,79,1125,0.8,0.82,0.05
2023-08-05,P095,344,295,13,Weekly,132,1836,0.7,0.91,0.02
2023-06-04,P030,732,206,14,Weekly,78,1317,0.7,0.55,0.04
2023-12-05,P056,512,384,15,Weekly,156,787,0.7,0.41,0.01
2023-09-17,P097,807,155,5,Weekly,148,890,0.99,0.76,0.02
2023-10-22,P043,580,223,12,Weekly,101,1689,0.75,0.96,0.01
2023-04-06,P064,773,295,12,Weekly,143,518,0.75,0.82,0.02
2023-03-23,P010,170,124,9,Weekly,58,591,0.9,0.39,0.02
2023-11-24,P079,590,127,6,Weekly,90,505,0.99,0.72,0.03
2023-09-25,P041,159,220,10,Weekly,119,1894,0.85,0.57,0.01
2023-10-30,P029,182,211,7,Weekly,161,1280,0.99,0.99,0.05
2023-09-29,P035,330,256,13,Weekly,111,1057,0.7,0.63,0.02
2023-08-03,P099,241,152,5,Weekly,143,1838,0.99,0.94,0.04
2023-05-19,P070,265,101,7,Weekly,51,1041,0.99,0.99,0.02
2023-08-21,P048,950,250,14,Weekly,100,1689,0.7,0.69,0.05
2023-10-13,P099,763,145,5,Weekly,134,1786,0.99,0.88,0.04
2023-04-22,P044,899,226,7,Weekly,176,1494,0.99,0.38,0.01
2023-09-17,P052,534,138,8,Weekly,77,869,0.95,0.64,0.04
2023-01-25,P013,955,180,10,Weekly,91,601,0.85,0.76,0.04
2023-10-09,P021,455,152,5,Weekly,143,1504,0.99,0.34,0.04
2023-11-30,P060,812,204,11,Weekly,98,1502,0.8,0.33,0.03
2023-04-04,P038,316,326,12,Weekly,161,1739,0.75,0.92,0.02
2023-10-12,P072,322,262,8,Weekly,186,1809,0.95,0.78,0.02
2023-06-23,P080,880,95,5,Weekly,63,1476,0.99,0.89,0.01
2023-12-19,P012,395,116,6,Weekly,78,1376,0.99,0.66,0.03
2023-06-04,P005,495,300,10,Weekly,175,1925,0.85,0.45,0.05
2023-10-07,P051,686,108,7,Weekly,58,1147,0.99,0.8,0.04
2023-05-11,P038,966,142,7,Weekly,92,930,0.99,0.8,0.02
2023-09-11,P046,582,303,12,Weekly,148,575,0.75,0.93,0.03
2023-03-07,P065,171,252,10,Weekly,142,776,0.85,0.56,0.05
2023-03-26,P052,470,302,12,Weekly,147,1933,0.75,0.39,0.03
2023-07-27,P077,121,161,5,Weekly,156,849,0.99,0.69,0.03
2023-09-16,P001,321,220,6,Weekly,199,667,0.99,0.98,0.01
2023-01-28,P083,250,202,14,Weekly,76,1108,0.7,0.75,0.03
2023-06-29,P044,825,388,13,Weekly,182,1240,0.7,0.49,0.02
2023-12-04,P057,351,142,7,Weekly,92,815,0.99,0.81,0.02
2023-06-08,P017,129,200,13,Weekly,81,1728,0.7,0.63,0.01
2023-02-08,P085,234,219,13,Weekly,91,1689,0.7,0.81,0.02
2023-03-26,P064,151,422,15,Weekly,174,1002,0.7,0.51,0.02
2023-10-11,P054,350,145,5,Weekly,134,1847,0.99,0.65,0.01
2023-04-16,P095,655,171,7,Weekly,121,1214,0.99,0.62,0.05
2023-05-16,P016,769,434,14,Weekly,192,1507,0.7,0.32,0.04
2023-11-06,P071,959,166,11,Weekly,74,1066,0.8,0.32,0.01
2023-02-08,P027,331,467,15,Weekly,195,1324,0.7,0.73,0.03
2023-06-04,P071,876,263,9,Weekly,166,1924,0.9,0.66,0.04
2023-03-13,P051,687,236,7,Weekly,186,1870,0.99,0.4,0.04
2023-01-18,P006,224,206,12,Weekly,91,1170,0.75,0.67,0.04
2023-05-24,P097,980,304,11,Weekly,162,730,0.8,0.9,0.01
2023-05-25,P029,836,156,7,Weekly,106,1904,0.99,0.82,0.04
2023-06-05,P039,427,141,6,Weekly,107,1852,0.99,0.73,0.02
2023-02-02,P012,739,330,14,Weekly,140,1781,0.7,0.51,0.01
2023-11-24,P073,130,184,10,Weekly,94,978,0.85,0.31,0.01
2023-05-08,P091,883,100,5,Weekly,70,1584,0.99,0.84,0.02
2023-08-14,P099,323,156,8,Weekly,93,1792,0.95,0.64,0.03
2023-09-25,P089,194,330,14,Weekly,140,853,0.7,0.82,0.02
2023-01-21,P007,600,186,8,Weekly,119,1777,0.95,0.76,0.03
2023-06-15,P046,567,422,14,Weekly,186,921,0.7,0.87,0.04
2023-01-28,P035,157,282,14,Weekly,116,780,0.7,0.58,0.04
2023-09-29,P082,970,348,11,Weekly,190,639,0.8,0.56,0.02
2023-11-02,P014,436,312,11,Weekly,167,1073,0.8,0.38,0.01
2023-05-09,P018,659,92,5,Weekly,60,1522,0.99,0.34,0.03
2023-05-15,P027,201,109,7,Weekly,59,1523,0.99,0.52,0.01
2023-08-28,P056,731,231,10,Weekly,127,1216,0.85,0.66,0.01
2023-04-11,P053,323,132,9,Weekly,64,1193,0.9,0.77,0.03
2023-12-02,P014,182,284,11,Weekly,149,1526,0.8,0.84,0.04
2023-03-28,P037,340,240,12,Weekly,111,842,0.75,0.64,0.03
2023-05-24,P072,546,118,6,Weekly,80,1493,0.99,0.97,0.02
2023-06-04,P057,330,161,9,Weekly,87,818,0.9,0.93,0.04
2023-06-18,P074,433,281,11,Weekly,147,1717,0.8,0.88,0.02
2023-01-25,P099,861,209,9,Weekly,124,1882,0.9,0.9,0.04
2023-05-22,P038,677,174,8,Weekly,109,683,0.95,0.48,0.03
2023-03-09,P074,895,192,5,Weekly,200,930,0.99,0.91,0.05
2023-09-16,P010,313,131,6,Weekly,95,1649,0.99,0.46,0.02
2023-01-07,P008,518,394,14,Weekly,172,947,0.7,0.63,0.03
2023-06-30,P056,266,110,8,Weekly,53,1819,0.95,0.58,0.04
2023-10-24,P008,639,159,9,Weekly,85,1591,0.9,0.34,0.03
2023-11-20,P046,728,233,11,Weekly,117,1468,0.8,0.51,0.03
2023-08-11,P042,874,133,7,Weekly,83,1307,0.99,0.55,0.05
2023-06-21,P057,688,106,5,Weekly,79,1141,0.99,0.37,0.02
2023-05-06,P091,852,345,11,Weekly,188,1268,0.8,0.71,0.03
2023-11-08,P049,233,291,12,Weekly,141,834,0.75,0.36,0.03
2023-12-25,P055,482,134,11,Weekly,54,603,0.8,0.36,0.02
2023-12-20,P063,598,312,10,Weekly,184,690,0.85,0.87,0.02
2023-12-29,P054,247,155,7,Weekly,105,545,0.99,0.73,0.02
2023-04-15,P076,858,270,10,Weekly,154,1926,0.85,0.42,0.04
2023-09-10,P062,428,264,12,Weekly,125,645,0.75,0.48,0.01
2023-04-17,P033,725,142,11,Weekly,59,1697,0.8,0.91,0.03
2023-12-25,P086,831,181,13,Weekly,71,1527,0.7,0.42,0.04
2023-09-23,P043,577,124,9,Weekly,58,773,0.9,0.81,0.02
2023-02-26,P043,517,235,11,Weekly,118,578,0.8,0.38,0.02
2023-09-08,P070,529,154,7,Weekly,104,1718,0.99,0.97,0.02
2023-09-24,P082,341,174,5,Weekly,174,890,0.99,0.75,0.03
2023-03-21,P084,112,138,8,Weekly,77,699,0.95,0.97,0.02
2023-07-04,P060,351,374,14,Weekly,162,1584,0.7,0.89,0.05
2023-01-19,P080,467,438,14,Weekly,194,1364,0.7,0.83,0.03
2023-10-17,P081,501,350,15,Weekly,140,1743,0.7,0.7,0.05
2023-07-27,P052,214,336,12,Weekly,167,798,0.75,0.59,0.05
2023-08-05,P021,810,332,12,Weekly,165,1978,0.75,0.57,0.02
2023-03-17,P081,732,272,9,Weekly,173,1475,0.9,0.64,0.02
2023-10-30,P090,454,191,8,Weekly,124,704,0.95,0.44,0.01
2023-10-18,P087,770,285,13,Weekly,127,827,0.7,0.56,0.05
2023-06-25,P096,603,355,12,Weekly,178,1289,0.75,0.76,0.04
2023-08-08,P054,106,155,7,Weekly,105,1918,0.99,0.81,0.03
2023-10-06,P074,992,144,8,Weekly,83,584,0.95,0.46,0.04
2023-06-30,P087,198,303,9,Weekly,197,1161,0.9,0.82,0.05
2023-12-07,P039,657,104,7,Weekly,54,1620,0.99,0.34,0.03
2023-01-28,P023,963,220,14,Weekly,85,1348,0.7,0.45,0.03
2023-01-09,P083,347,304,14,Weekly,127,1017,0.7,0.65,0.04
2023-02-14,P016,228,214,6,Weekly,192,1232,0.99,0.68,0.04
2023-12-31,P022,330,209,7,Weekly,159,987,0.99,0.41,0.02
2023-09-01,P081,523,362,12,Weekly,182,1124,0.75,0.97,0.04
2023-02-06,P093,627,252,13,Weekly,109,1910,0.7,0.34,0.04
2023-01-03,P097,855,150,14,Weekly,50,1437,0.7,0.93,0.04
2023-02-18,P033,492,246,9,Weekly,153,522,0.9,0.97,0.01
2023-02-14,P005,313,266,8,Weekly,189,1454,0.95,0.7,0.02
2023-11-15,P009,590,196,11,Weekly,93,1714,0.8,0.47,0.02
2023-12-15,P027,777,177,6,Weekly,149,890,0.99,0.65,0.03
2023-03-17,P001,212,153,7,Weekly,103,1072,0.99,0.73,0.03
2023-04-24,P022,576,298,13,Weekly,134,1236,0.7,0.65,0.03
2023-08-06,P003,264,277,9,Weekly,177,580,0.9,0.54,0.04
2023-11-27,P027,143,184,7,Weekly,134,750,0.99,0.37,0.01
2023-03-24,P068,671,95,5,Weekly,63,1315,0.99,0.98,0.05
2023-12-06,P059,246,188,14,Weekly,69,1275,0.7,0.7,0.04
2023-01-19,P041,902,386,13,Weekly,181,1945,0.7,0.58,0.03
2023-12-08,P019,834,236,7,Weekly,186,871,0.99,0.75,0.02
2023-02-28,P001,110,354,15,Weekly,142,1823,0.7,0.7,0.01
2023-01-10,P083,392,128,11,Weekly,50,1833,0.8,0.53,0.02
2023-08-27,P002,637,257,12,Weekly,121,1127,0.75,0.65,0.02
2023-07-26,P026,137,122,6,Weekly,84,717,0.99,0.51,0.02
2023-11-25,P016,340,371,13,Weekly,173,992,0.7,0.62,0.02
2023-01-11,P066,166,370,12,Weekly,187,562,0.75,0.9,0.04
2023-05-10,P044,504,179,7,Weekly,129,825,0.99,0.68,0.05
2023-07-23,P100,298,188,9,Weekly,108,1077,0.9,0.92,0.03
2023-11-26,P093,785,174,8,Weekly,109,1683,0.95,0.81,0.01
2023-07-29,P072,130,254,13,Weekly,110,1552,0.7,0.52,0.02
2023-12-15,P023,989,254,9,Weekly,159,1647,0.9,0.46,0.05
2023-02-24,P028,370,275,10,Weekly,158,1148,0.85,0.85,0.04
2023-10-25,P092,648,170,6,Weekly,141,906,0.99,0.71,0.05
2023-11-11,P093,112,134,11,Weekly,54,1850,0.8,0.43,0.01
2023-07-08,P008,586,277,15,Weekly,106,681,0.7,0.95,0.05
2023-01-31,P065,860,242,8,Weekly,168,1124,0.95,0.85,0.01
2023-12-13,P004,448,124,9,Weekly,58,646,0.9,0.5,0.04
2023-07-14,P001,815,394,14,Weekly,172,1475,0.7,0.93,0.02
2023-11-06,P018,978,378,13,Weekly,177,658,0.7,0.5,0.05
2023-03-08,P088,993,189,5,Weekly,195,932,0.99,0.46,0.02
2023-12-19,P012,910,215,8,Weekly,145,1097,0.95,0.67,0.05
2023-11-11,P016,796,171,11,Weekly,77,625,0.8,0.73,0.05
2023-10-21,P033,1000,172,15,Weekly,57,1020,0.7,0.4,0.04
2023-11-21,P038,981,181,6,Weekly,153,1106,0.99,0.95,0.04
2023-12-17,P033,333,450,14,Weekly,200,719,0.7,0.98,0.04
2023-07-31,P010,326,375,15,Weekly,152,1653,0.7,0.66,0.02
2023-07-14,P027,630,201,6,Weekly,177,591,0.99,0.97,0.04
2023-12-27,P039,138,119,6,Weekly,81,736,0.99,0.34,0.01
2023-06-16,P002,671,114,6,Weekly,75,528,0.99,0.54,0.04
2023-10-15,P022,838,107,5,Weekly,80,1353,0.99,0.99,0.03
2023-01-18,P042,651,193,13,Weekly,77,1184,0.7,0.35,0.04
2023-05-23,P057,460,192,10,Weekly,100,1194,0.85,0.63,0.02
2023-02-28,P067,678,105,6,Weekly,65,1186,0.99,0.95,0.01
2023-01-24,P036,454,191,9,Weekly,110,1578,0.9,0.38,0.04
2023-06-20,P006,700,119,9,Weekly,54,1486,0.9,0.8,0.05
2023-04-02,P072,928,224,7,Weekly,174,900,0.99,0.66,0.03
2023-10-19,P012,455,155,6,Weekly,123,1791,0.99,0.8,0.02
2023-01-19,P060,847,248,8,Weekly,174,1731,0.95,0.53,0.04
2023-11-16,P069,551,188,12,Weekly,81,1754,0.75,0.3,0.04
2023-10-18,P022,185,159,12,Weekly,64,688,0.75,0.46,0.01
2023-01-06,P049,308,111,5,Weekly,86,1061,0.99,0.56,0.03
2023-10-13,P049,362,290,14,Weekly,120,1728,0.7,0.88,0.04
2023-03-01,P063,603,251,9,Weekly,157,1410,0.9,0.49,0.02
2023-09-02,P069,413,137,5,Weekly,123,1890,0.99,0.82,0.05
2023-04-30,P088,462,199,9,Weekly,116,1880,0.9,0.92,0.05
2023-08-12,P087,627,129,7,Weekly,79,1417,0.99,0.5,0.02
2023-11-03,P067,533,265,10,Weekly,151,1040,0.85,0.58,0.04
2023-09-19,P043,802,112,8,Weekly,55,785,0.95,0.84,0.02
2023-12-04,P090,791,135,7,Weekly,85,1668,0.99,0.39,0.03
2023-10-20,P077,650,182,9,Weekly,103,1274,0.9,0.49,0.01
2023-04-13,P014,894,123,6,Weekly,86,777,0.99,0.44,0.02
2023-01-09,P063,635,137,5,Weekly,123,623,0.99,0.31,0.04
2023-12-09,P100,357,169,7,Weekly,119,935,0.99,0.42,0.04
2023-05-04,P010,395,194,14,Weekly,72,736,0.7,0.33,0.02
2023-12-10,P042,895,264,10,Weekly,150,1813,0.85,0.85,0.04
2023-05-29,P020,886,232,8,Weekly,160,1261,0.95,0.67,0.02
2023-06-16,P063,214,147,9,Weekly,76,967,0.9,0.84,0.05
2023-11-10,P065,909,109,5,Weekly,83,1710,0.99,0.52,0.05
2023-07-30,P083,928,190,6,Weekly,164,637,0.99,0.39,0.02
2023-12-07,P047,320,178,13,Weekly,69,1415,0.7,0.63,0.04
2023-01-05,P083,860,353,12,Weekly,177,1953,0.75,0.58,0.05
2023-03-01,P036,686,160,8,Weekly,97,1590,0.95,0.7,0.01
2023-10-06,P067,280,282,13,Weekly,125,1361,0.7,0.5,0.02
2023-07-28,P013,790,258,13,Weekly,112,693,0.7,0.41,0.02
2023-07-30,P015,725,151,10,Weekly,71,1981,0.85,0.32,0.05
2023-05-01,P054,210,190,14,Weekly,70,1671,0.7,0.85,0.03
2023-03-20,P072,991,259,12,Weekly,122,1783,0.75,0.8,0.01
2023-01-17,P082,417,222,9,Weekly,134,1066,0.9,0.59,0.05
2023-04-18,P012,738,380,12,Weekly,193,1390,0.75,0.41,0.03
2023-12-27,P065,383,274,10,Weekly,157,1426,0.85,0.54,0.05
2023-06-12,P029,934,218,12,Weekly,98,1941,0.75,0.88,0.03
2023-03-10,P075,822,255,9,Weekly,160,1286,0.9,0.33,0.04
2023-08-24,P094,220,122,6,Weekly,84,1876,0.99,0.51,0.02
2023-10-03,P086,814,332,11,Weekly,180,1949,0.8,0.75,0.02
2023-10-04,P099,137,314,10,Weekly,185,630,0.85,0.83,0.05
2023-08-21,P076,181,269,9,Weekly,171,784,0.9,0.74,0.01
2023-06-16,P069,176,174,13,Weekly,67,679,0.7,0.59,0.03
2023-07-24,P041,632,154,9,Weekly,81,1463,0.9,0.92,0.02
2023-06-03,P063,765,183,8,Weekly,117,1885,0.95,0.66,0.04
2023-06-21,P020,439,230,8,Weekly,158,1939,0.95,0.78,0.01
2023-06-14,P060,676,211,11,Weekly,103,619,0.8,0.4,0.03
2023-04-22,P087,584,276,11,Weekly,144,1443,0.8,0.77,0.02
2023-04-12,P008,297,236,9,Weekly,145,1117,0.9,0.45,0.02
2023-01-23,P088,796,263,13,Weekly,115,747,0.7,0.67,0.03
2023-03-23,P086,944,326,12,Weekly,161,1304,0.75,0.83,0.01
2023-01-30,P090,832,146,9,Weekly,75,773,0.9,0.82,0.03
2023-12-26,P082,559,315,12,Weekly,155,749,0.75,0.56,0.02
2023-02-14,P069,368,307,11,Weekly,164,1137,0.8,0.63,0.04
2023-12-25,P015,641,296,15,Weekly,115,1063,0.7,0.58,0.05
2023-02-24,P096,986,365,15,Weekly,147,845,0.7,0.63,0.03
2023-08-30,P063,304,239,13,Weekly,102,1004,0.7,0.67,0.02
2023-11-04,P037,814,113,6,Weekly,74,1857,0.99,0.7,0.04
2023-04-26,P069,921,328,13,Weekly,150,1405,0.7,0.84,0.02
2023-10-12,P035,570,209,7,Weekly,159,1748,0.99,0.6,0.03
2023-10-13,P083,194,202,7,Weekly,152,1334,0.99,0.89,0.03
2023-02-05,P040,410,229,11,Weekly,114,988,0.8,0.79,0.01
2023-10-17,P028,271,87,5,Weekly,53,1082,0.99,0.52,0.02
2023-05-04,P078,360,213,8,Weekly,143,990,0.95,0.71,0.03
2023-09-30,P059,699,187,9,Weekly,107,1292,0.9,0.97,0.02
2023-06-13,P083,769,351,11,Weekly,192,1081,0.8,0.44,0.04
2023-03-29,P078,710,224,14,Weekly,87,665,0.7,0.38,0.03
2023-01-22,P006,454,146,12,Weekly,56,1430,0.75,0.82,0.03
2023-06-10,P012,904,207,8,Weekly,138,1935,0.95,0.59,0.03
2023-11-04,P025,699,282,9,Weekly,181,1301,0.9,0.37,0.02
2023-05-30,P034,755,178,8,Weekly,112,1793,0.95,0.69,0.04
2023-08-20,P037,956,233,7,Weekly,183,1800,0.99,0.62,0.03
2023-05-16,P063,507,290,14,Weekly,120,617,0.7,0.6,0.03
2023-04-07,P087,235,157,7,Weekly,107,1334,0.99,0.8,0.03
2023-06-17,P074,532,246,11,Weekly,125,1722,0.8,0.51,0.04
2023-09-14,P092,945,266,14,Weekly,108,930,0.7,0.46,0.04
2023-03-13,P085,379,125,8,Weekly,66,1549,0.95,0.95,0.05
2023-05-20,P042,244,242,7,Weekly,192,1773,0.99,0.33,0.04
2023-05-23,P014,686,234,14,Weekly,92,1925,0.7,0.99,0.04
2023-05-11,P019,868,139,8,Weekly,78,1469,0.95,0.49,0.03
2023-12-09,P070,176,223,15,Weekly,81,1725,0.7,0.82,0.04
2023-12-21,P046,200,240,15,Weekly,89,1654,0.7,0.73,0.02
2023-11-27,P056,800,133,9,Weekly,65,833,0.9,0.82,0.02
2023-10-30,P024,758,395,13,Weekly,186,1856,0.7,0.53,0.01
2023-02-20,P035,731,155,13,Weekly,57,1137,0.7,0.99,0.02
2023-11-10,P015,542,311,15,Weekly,122,926,0.7,0.92,0.01
2023-10-01,P043,553,358,11,Weekly,196,1577,0.8,0.92,0.03
2023-05-03,P029,411,103,6,Weekly,62,1341,0.99,0.83,0.03
2023-07-07,P030,840,100,6,Weekly,59,824,0.99,0.32,0.02
2023-08-05,P015,725,179,9,Weekly,101,1870,0.9,0.81,0.01
2023-02-03,P097,762,108,8,Weekly,51,1453,0.95,0.37,0.03
2023-03-18,P027,298,220,8,Weekly,149,1691,0.95,0.87,0.04
2023-01-30,P046,975,126,7,Weekly,76,1120,0.99,0.54,0.04
2023-08-09,P059,940,358,11,Weekly,196,818,0.8,0.4,0.04
2023-06-03,P043,516,134,7,Weekly,84,568,0.99,0.92,0.02
2023-03-26,P022,895,184,8,Weekly,118,1299,0.95,0.8,0.02
2023-11-30,P023,304,294,14,Weekly,122,1625,0.7,0.92,0.03
2023-09-20,P043,330,190,6,Weekly,164,928,0.99,0.45,0.05
2023-10-18,P088,742,294,15,Weekly,114,1260,0.7,0.63,0.01
2023-04-01,P098,330,129,5,Weekly,111,1737,0.99,0.31,0.01
2023-01-07,P075,382,170,10,Weekly,84,875,0.85,0.49,0.01
2023-10-30,P092,454,225,10,Weekly,123,1437,0.85,0.52,0.03
2023-06-01,P004,952,203,7,Weekly,153,1152,0.99,0.74,0.05
2023-10-07,P075,390,124,7,Weekly,74,1259,0.99,0.71,0.04
2023-12-29,P011,216,353,11,Weekly,193,1620,0.8,0.45,0.04
2023-01-29,P099,651,217,13,Weekly,90,1395,0.7,0.71,0.04
2023-05-16,P033,835,317,15,Weekly,125,826,0.7,0.81,0.01
2023-02-16,P074,713,237,9,Weekly,146,1850,0.9,0.45,0.01
2023-03-01,P082,196,238,8,Weekly,165,811,0.95,0.82,0.05
2023-11-08,P081,834,248,11,Weekly,126,930,0.8,0.55,0.03
2023-12-14,P100,575,419,13,Weekly,199,1748,0.7,0.71,0.04
2023-01-21,P020,295,416,15,Weekly,171,996,0.7,0.56,0.04
2023-12-16,P080,451,257,12,Weekly,121,556,0.75,0.68,0.02
2023-08-29,P045,907,114,5,Weekly,90,572,0.99,0.94,0.04
2023-09-06,P063,953,271,8,Weekly,194,830,0.95,0.8,0.02
2023-10-08,P051,920,218,10,Weekly,118,1173,0.85,0.88,0.03
2023-03-24,P036,866,136,5,Weekly,121,1173,0.99,0.89,0.01
2023-08-31,P044,168,273,11,Weekly,142,538,0.8,0.32,0.02
2023-05-03,P081,623,161,13,Weekly,60,1991,0.7,0.87,0.02
2023-09-03,P073,957,178,10,Weekly,90,1562,0.85,0.84,0.02
2023-05-13,P037,106,362,13,Weekly,168,1586,0.7,0.55,0.04
2023-05-23,P072,434,119,9,Weekly,54,1156,0.9,0.84,0.03
2023-12-01,P066,138,452,15,Weekly,188,535,0.7,0.6,0.03
2023-10-06,P096,844,332,13,Weekly,152,1937,0.7,0.86,0.03
2023-12-15,P022,500,210,14,Weekly,80,866,0.7,0.33,0.03
2023-06-13,P093,660,114,8,Weekly,56,1034,0.95,0.88,0.03
2023-07-27,P035,224,264,14,Weekly,107,1527,0.7,0.78,0.01
2023-04-29,P099,807,159,8,Weekly,96,1645,0.95,0.84,0.02
2023-05-19,P007,484,313,13,Weekly,142,1249,0.7,0.89,0.05
2024-01-01,P017,694,250,9,Weekly,156,1120,0.9,0.83,0.03
2023-05-04,P084,197,272,15,Weekly,104,1490,0.7,0.63,0.04
2023-12-26,P044,461,140,12,Weekly,53,1684,0.75,0.46,0.04
2023-08-12,P032,911,341,12,Weekly,170,1740,0.75,0.86,0.03
2023-07-25,P077,467,160,5,Weekly,154,945,0.99,0.96,0.05
2023-08-05,P080,275,160,5,Weekly,154,731,0.99,0.83,0.03
2023-04-03,P092,135,208,14,Weekly,79,1615,0.7,0.42,0.02
2023-03-14,P037,902,164,6,Weekly,133,1791,0.99,0.33,0.01
2023-12-07,P042,474,472,15,Weekly,197,1015,0.7,0.32,0.05
2023-02-26,P067,662,198,8,Weekly,130,1735,0.95,0.41,0.03
2023-02-08,P089,520,101,7,Weekly,51,1953,0.99,0.87,0.05
2023-11-23,P010,460,198,13,Weekly,80,1788,0.7,0.57,0.01
2023-07-29,P087,908,200,15,Weekly,70,510,0.7,0.72,0.04
2023-03-17,P068,572,245,10,Weekly,137,1297,0.85,0.69,0.05
2023-08-30,P070,611,332,12,Weekly,165,1316,0.75,0.59,0.03
2023-09-14,P079,679,218,9,Weekly,131,1299,0.9,0.93,0.02
2023-02-17,P064,489,140,7,Weekly,90,1131,0.99,0.98,0.04
2023-03-11,P017,452,160,11,Weekly,70,1324,0.8,0.99,0.01
2023-05-07,P010,743,135,10,Weekly,60,1685,0.85,0.89,0.05
2023-07-06,P022,286,194,13,Weekly,78,1683,0.7,0.84,0.02
2023-10-31,P084,689,273,11,Weekly,142,1978,0.8,0.93,0.02
2023-05-22,P039,516,311,13,Weekly,141,848,0.7,0.41,0.05
2023-12-18,P004,692,156,14,Weekly,53,1120,0.7,0.53,0.02
2023-07-27,P045,632,412,15,Weekly,169,852,0.7,0.83,0.04
2023-07-23,P071,442,322,12,Weekly,159,1059,0.75,0.47,0.03
2023-10-31,P030,785,182,8,Weekly,116,582,0.95,1.0,0.04
2023-08-31,P075,561,252,14,Weekly,101,1561,0.7,0.7,0.03
2023-01-24,P075,361,170,6,Weekly,141,681,0.99,0.97,0.05
2023-02-19,P077,591,158,7,Weekly,108,1102,0.99,0.7,0.02
2023-10-30,P060,740,334,14,Weekly,142,912,0.7,0.53,0.02
2023-05-10,P079,162,144,5,Weekly,132,1177,0.99,0.86,0.03
2023-08-26,P050,164,324,13,Weekly,148,1947,0.7,0.48,0.03
2023-03-09,P074,841,205,7,Weekly,155,1974,0.99,1.0,0.04
2023-08-24,P022,780,310,13,Weekly,140,857,0.7,0.34,0.04
2023-08-10,P030,662,262,8,Weekly,186,1180,0.95,0.52,0.02
2023-08-28,P095,337,130,8,Weekly,70,870,0.95,0.83,0.04
2023-12-07,P048,360,474,15,Weekly,198,508,0.7,0.71,0.05
2023-09-04,P054,794,138,5,Weekly,124,1542,0.99,0.47,0.04
2023-06-17,P073,716,362,15,Weekly,146,1072,0.7,0.64,0.03
2023-08-30,P080,813,208,11,Weekly,101,1406,0.8,0.46,0.02
2023-05-12,P078,854,180,7,Weekly,130,1662,0.99,0.92,0.04
2023-07-23,P032,238,288,12,Weekly,139,988,0.75,0.56,0.02
2023-07-24,P096,438,281,10,Weekly,162,1801,0.85,0.82,0.04
2023-07-14,P092,430,376,13,Weekly,176,1522,0.7,0.35,0.02
2023-02-16,P024,376,180,5,Weekly,182,1645,0.99,0.39,0.04
2023-02-16,P008,277,438,14,Weekly,194,1311,0.7,0.32,0.02
2023-05-31,P012,630,149,6,Weekly,116,656,0.99,0.57,0.03
2023-09-13,P037,725,280,10,Weekly,161,714,0.85,0.52,0.03
2023-05-18,P057,374,122,6,Weekly,85,1499,0.99,0.33,0.05
2023-04-19,P099,246,158,11,Weekly,69,1871,0.8,0.41,0.01
2023-01-29,P083,666,122,5,Weekly,102,1535,0.99,0.91,0.01
2023-12-30,P097,937,280,10,Weekly,161,1329,0.85,0.95,0.03
2023-11-17,P040,590,163,7,Weekly,113,692,0.99,0.39,0.03
2023-10-14,P010,366,235,12,Weekly,108,1296,0.75,0.47,0.02
2023-01-23,P051,650,257,10,Weekly,145,1079,0.85,0.72,0.01
2023-02-17,P025,392,328,10,Weekly,195,1080,0.85,0.43,0.03
2023-01-09,P076,428,178,8,Weekly,112,692,0.95,0.35,0.02
2023-06-03,P072,672,274,13,Weekly,121,588,0.7,0.96,0.05
2023-06-12,P090,760,257,9,Weekly,161,1282,0.9,0.9,0.02
2023-02-10,P037,359,157,5,Weekly,150,928,0.99,0.74,0.04
2023-04-20,P031,527,306,11,Weekly,163,1684,0.8,0.32,0.04
2023-10-03,P060,229,226,8,Weekly,154,1284,0.95,0.85,0.03
2023-05-07,P100,799,164,6,Weekly,134,1082,0.99,0.5,0.02
2023-06-16,P076,531,174,10,Weekly,87,1491,0.85,0.7,0.04
2023-08-12,P039,195,248,7,Weekly,198,1456,0.99,0.66,0.04
2023-11-12,P039,987,195,9,Weekly,113,555,0.9,0.99,0.02
2023-08-02,P087,770,384,13,Weekly,180,778,0.7,0.72,0.03
2023-09-07,P034,796,214,6,Weekly,192,1648,0.99,0.63,0.05
2023-10-18,P100,259,140,12,Weekly,53,1476,0.75,0.76,0.05
2023-02-21,P019,760,293,9,Weekly,189,1159,0.9,0.65,0.04
2023-03-01,P015,442,274,14,Weekly,112,1100,0.7,0.56,0.03
2023-12-04,P089,203,358,15,Weekly,144,1607,0.7,0.71,0.05
2023-02-03,P021,707,129,6,Weekly,93,1187,0.99,0.35,0.04
2023-11-06,P001,793,175,11,Weekly,80,1720,0.8,0.68,0.02
2023-11-18,P086,906,416,14,Weekly,183,1080,0.7,0.93,0.03
2023-09-18,P008,529,252,8,Weekly,177,608,0.95,0.43,0.04
2023-02-14,P044,373,181,5,Weekly,184,649,0.99,0.96,0.02
2023-12-02,P083,528,123,8,Weekly,64,1477,0.95,0.48,0.04
2023-07-01,P071,767,170,9,Weekly,94,1508,0.9,0.42,0.03
2023-02-18,P034,786,412,15,Weekly,169,1910,0.7,0.65,0.02
2023-11-15,P015,997,202,12,Weekly,89,1263,0.75,0.97,0.05
2023-06-15,P091,429,369,15,Weekly,149,1476,0.7,0.56,0.01
2023-08-08,P070,785,128,10,Weekly,55,1045,0.85,0.47,0.04
2023-04-22,P069,892,244,10,Weekly,136,1263,0.85,0.45,0.05
2023-04-27,P085,152,174,5,Weekly,174,1091,0.99,0.55,0.04
2023-10-21,P033,195,177,5,Weekly,178,1059,0.99,0.98,0.03
2023-06-06,P068,869,128,8,Weekly,69,1412,0.95,0.42,0.02
2023-06-29,P015,802,204,15,Weekly,72,1777,0.7,0.52,0.02
2023-01-28,P040,835,141,6,Weekly,107,884,0.99,0.57,0.04
2023-12-03,P006,948,212,7,Weekly,162,682,0.99,0.36,0.02
2023-07-05,P045,593,161,5,Weekly,156,1954,0.99,0.72,0.04
2023-09-06,P054,580,241,9,Weekly,149,683,0.9,0.65,0.01
2023-02-24,P077,634,363,13,Weekly,169,1881,0.7,0.8,0.04
2023-10-12,P054,731,200,8,Weekly,132,688,0.95,0.65,0.04
2023-07-10,P091,541,239,7,Weekly,189,1287,0.99,0.64,0.01
2023-11-13,P012,255,95,5,Weekly,63,1116,0.99,0.34,0.01
2023-02-24,P047,266,182,6,Weekly,154,1811,0.99,0.41,0.03
2023-01-23,P072,908,365,12,Weekly,184,1389,0.75,0.39,0.02
2023-02-12,P001,145,325,10,Weekly,193,1325,0.85,0.53,0.03
2023-11-09,P015,682,167,11,Weekly,75,1297,0.8,0.55,0.04
2023-12-30,P030,774,418,15,Weekly,172,770,0.7,0.58,0.03
2023-03-31,P087,522,242,12,Weekly,112,882,0.75,0.85,0.02
2023-08-02,P057,237,215,8,Weekly,145,1077,0.95,0.74,0.01
2023-08-05,P008,172,170,10,Weekly,84,1031,0.85,0.54,0.02
2023-07-09,P066,826,332,13,Weekly,152,1097,0.7,0.35,0.02
2023-01-17,P095,838,194,6,Weekly,169,580,0.99,0.56,0.05
2023-06-20,P035,452,122,10,Weekly,51,760,0.85,0.67,0.03
2023-06-20,P056,987,136,11,Weekly,55,1082,0.8,0.74,0.02
2023-10-01,P094,513,235,8,Weekly,162,1015,0.95,0.63,0.03
2023-02-24,P001,918,163,13,Weekly,61,1954,0.7,0.31,0.02
2023-01-17,P013,295,211,11,Weekly,103,1322,0.8,0.35,0.02
2023-01-21,P093,850,351,12,Weekly,176,1613,0.75,0.7,0.05
2023-11-20,P074,512,155,13,Weekly,57,1363,0.7,0.34,0.03
2023-11-18,P001,968,313,13,Weekly,142,997,0.7,0.45,0.02
2023-10-05,P047,663,304,14,Weekly,127,1919,0.7,0.91,0.01
2023-08-06,P020,760,115,7,Weekly,65,961,0.99,0.5,0.04
2023-03-27,P024,829,327,10,Weekly,194,1638,0.85,0.7,0.02
2023-02-24,P006,658,147,10,Weekly,68,1670,0.85,0.48,0.01
2023-06-22,P073,193,392,12,Weekly,200,1547,0.75,0.62,0.03
2023-06-02,P022,594,362,14,Weekly,156,637,0.7,0.98,0.03
2023-05-27,P037,333,391,12,Weekly,199,1733,0.75,0.49,0.04
2023-12-12,P015,419,230,14,Weekly,90,1787,0.7,0.94,0.05
2023-08-07,P079,857,221,15,Weekly,80,803,0.7,0.78,0.02
2023-07-31,P012,975,374,12,Weekly,189,576,0.75,0.65,0.02
2023-10-30,P067,306,224,14,Weekly,87,802,0.7,0.77,0.03
2023-05-28,P060,916,308,10,Weekly,181,1224,0.85,0.81,0.03
2023-08-15,P026,579,321,10,Weekly,190,962,0.85,0.59,0.04
2023-11-06,P058,255,254,10,Weekly,143,500,0.85,0.41,0.03
2023-10-23,P021,745,178,14,Weekly,64,1142,0.7,0.92,0.03
2023-08-13,P018,541,169,11,Weekly,76,1456,0.8,0.49,0.02
2023-01-09,P017,712,270,10,Weekly,154,708,0.85,0.98,0.05
2023-08-02,P082,476,199,6,Weekly,174,1408,0.99,0.69,0.02
2023-11-23,P095,103,452,15,Weekly,188,1565,0.7,0.89,0.03
2023-02-11,P025,753,266,8,Weekly,189,955,0.95,0.84,0.05
2023-01-21,P080,720,180,6,Weekly,152,812,0.99,0.41,0.01
2023-04-05,P032,914,122,7,Weekly,72,1055,0.99,0.56,0.04
2023-05-06,P043,520,215,15,Weekly,77,1332,0.7,0.63,0.01
2023-04-29,P023,188,166,6,Weekly,136,852,0.99,0.72,0.04
2023-06-30,P088,259,277,15,Weekly,106,1903,0.7,1.0,0.03
2023-04-25,P067,650,194,14,Weekly,72,1862,0.7,0.86,0.02
2023-03-30,P099,572,373,13,Weekly,174,815,0.7,0.49,0.02
2023-11-09,P095,520,194,11,Weekly,92,1756,0.8,0.36,0.04
2023-10-24,P089,929,424,14,Weekly,187,1499,0.7,0.68,0.04
2023-10-14,P047,890,192,6,Weekly,166,1535,0.99,0.99,0.02
2023-06-26,P041,908,242,7,Weekly,192,1393,0.99,0.51,0.03
2023-12-15,P035,343,205,9,Weekly,121,1040,0.9,0.7,0.04
2023-11-18,P006,359,384,14,Weekly,167,716,0.7,0.61,0.04
2023-08-29,P009,211,232,10,Weekly,128,1842,0.85,0.32,0.04
2023-10-08,P010,907,178,13,Weekly,69,1156,0.7,0.61,0.02
2023-12-08,P039,212,185,12,Weekly,79,959,0.75,0.58,0.02
2023-01-09,P004,862,270,8,Weekly,193,590,0.95,0.38,0.04
2023-11-27,P043,507,155,5,Weekly,147,1778,0.99,0.57,0.04
2023-08-20,P022,183,279,12,Weekly,134,645,0.75,0.74,0.02
2023-07-26,P046,490,202,14,Weekly,76,1581,0.7,1.0,0.02
2023-05-22,P066,557,163,9,Weekly,88,921,0.9,0.34,0.02
2023-06-08,P068,198,190,10,Weekly,98,1493,0.85,0.4,0.02
2023-08-22,P094,861,304,13,Weekly,137,1963,0.7,0.78,0.03
2023-03-12,P013,865,157,10,Weekly,75,563,0.85,0.43,0.02
2023-12-26,P032,453,122,6,Weekly,84,519,0.99,0.93,0.03
2023-03-07,P096,331,142,12,Weekly,54,655,0.75,0.8,0.04
2023-05-07,P058,529,237,7,Weekly,187,1706,0.99,0.59,0.01
2023-04-17,P090,488,122,7,Weekly,72,1976,0.99,0.82,0.03
2023-12-20,P073,375,433,15,Weekly,179,1450,0.7,0.89,0.04
2023-07-21,P001,288,107,5,Weekly,80,746,0.99,0.42,0.02
2023-10-31,P058,150,310,13,Weekly,140,1655,0.7,0.49,0.03
2023-11-16,P015,714,257,10,Weekly,145,658,0.85,0.61,0.01
2023-12-08,P004,429,242,9,Weekly,150,869,0.9,0.37,0.03
2023-03-20,P053,171,291,12,Weekly,141,1335,0.75,0.47,0.05
2023-08-01,P070,896,110,6,Weekly,70,713,0.99,0.99,0.04
2023-03-29,P045,574,169,5,Weekly,167,1459,0.99,0.71,0.03
2023-05-18,P008,583,167,10,Weekly,82,659,0.85,0.87,0.02
2023-09-14,P071,498,225,15,Weekly,82,1351,0.7,0.35,0.05
2023-08-27,P019,321,131,5,Weekly,114,1874,0.99,0.63,0.03
2023-09-16,P009,441,197,12,Weekly,86,1063,0.75,0.54,0.03
2023-06-20,P008,685,165,6,Weekly,135,947,0.99,0.47,0.03
2023-07-21,P069,635,149,7,Weekly,99,1981,0.99,0.58,0.02
2023-10-31,P006,407,182,6,Weekly,155,1133,0.99,0.44,0.04
2023-04-05,P055,324,118,5,Weekly,96,1321,0.99,0.47,0.04
2023-11-15,P001,357,190,8,Weekly,123,1175,0.95,0.9,0.03
2023-08-21,P036,210,344,14,Weekly,147,1363,0.7,0.31,0.03
2023-04-12,P041,981,137,12,Weekly,51,1764,0.75,0.45,0.03
2023-06-18,P062,864,348,14,Weekly,149,525,0.7,0.34,0.01
2023-10-09,P065,491,178,13,Weekly,69,1668,0.7,0.35,0.04
2023-05-18,P076,947,242,12,Weekly,112,1108,0.75,0.65,0.03
2023-10-22,P004,431,126,6,Weekly,89,1366,0.99,0.81,0.02
2023-07-12,P045,621,294,9,Weekly,190,1489,0.9,0.97,0.03
2023-09-16,P084,242,324,10,Weekly,192,1359,0.85,0.85,0.02
2023-02-05,P085,707,455,15,Weekly,189,1733,0.7,0.98,0.03
2023-03-11,P088,410,253,9,Weekly,158,546,0.9,0.57,0.03
2023-01-23,P100,365,184,6,Weekly,157,1653,0.99,0.74,0.03
2023-04-11,P047,243,252,10,Weekly,142,1923,0.85,0.35,0.02
2023-07-26,P003,244,119,9,Weekly,54,1016,0.9,0.98,0.05
2023-01-27,P029,756,368,14,Weekly,159,974,0.7,0.37,0.04
2023-06-23,P043,658,143,6,Weekly,109,823,0.99,0.64,0.01
2023-12-01,P002,497,392,14,Weekly,171,1571,0.7,0.94,0.02
2023-04-24,P095,262,151,5,Weekly,142,1164,0.99,0.51,0.02
2023-08-12,P034,231,149,9,Weekly,77,948,0.9,0.8,0.02
2023-04-27,P042,655,388,13,Weekly,182,1709,0.7,0.77,0.01
2023-04-27,P085,246,300,13,Weekly,135,578,0.7,0.92,0.03
2023-01-22,P100,325,188,6,Weekly,161,1798,0.99,0.83,0.02
2023-12-07,P040,372,384,13,Weekly,180,1663,0.7,0.79,0.04
2023-12-01,P025,618,221,15,Weekly,80,938,0.7,0.63,0.02
2023-11-13,P082,648,165,5,Weekly,161,1734,0.99,0.32,0.04
2023-01-03,P041,157,435,15,Weekly,180,1215,0.7,0.79,0.04
2023-02-26,P092,778,186,8,Weekly,119,836,0.95,0.45,0.02
2023-10-22,P061,605,159,7,Weekly,109,1837,0.99,0.46,0.03
2023-06-16,P009,440,353,11,Weekly,193,1997,0.8,0.79,0.05
2023-05-22,P071,552,296,9,Weekly,192,1876,0.9,0.68,0.04
2023-02-28,P008,267,172,8,Weekly,107,633,0.95,0.9,0.02
2023-07-08,P004,830,171,5,Weekly,170,588,0.99,0.69,0.03
2023-01-17,P091,187,201,6,Weekly,177,1573,0.99,0.6,0.04
2023-07-30,P043,443,172,10,Weekly,86,599,0.85,0.81,0.03
2023-08-27,P053,183,280,13,Weekly,124,765,0.7,0.63,0.02
2023-05-12,P064,120,276,12,Weekly,132,912,0.75,0.74,0.02
2023-06-16,P047,729,372,12,Weekly,188,803,0.75,0.8,0.01
2023-09-10,P052,618,144,13,Weekly,51,535,0.7,0.46,0.02
2023-02-28,P067,464,229,7,Weekly,179,1929,0.99,0.77,0.05
2023-08-15,P061,850,322,12,Weekly,159,1566,0.75,0.8,0.05
2023-05-30,P063,818,260,9,Weekly,164,1778,0.9,0.75,0.01
2023-03-07,P031,877,190,6,Weekly,164,1851,0.99,0.84,0.02
2023-10-09,P088,204,182,6,Weekly,155,1901,0.99,0.76,0.04
2023-12-02,P023,862,170,9,Weekly,94,1563,0.9,0.98,0.02
2023-03-09,P033,586,332,10,Weekly,198,500,0.85,0.63,0.03
2023-05-26,P059,804,280,14,Weekly,115,988,0.7,0.71,0.03
2023-10-07,P064,666,145,10,Weekly,67,860,0.85,0.32,0.03
2023-12-27,P062,972,224,10,Weekly,122,1588,0.85,0.54,0.05
2023-02-07,P051,539,123,5,Weekly,103,1926,0.99,0.77,0.04
2023-09-26,P021,188,272,9,Weekly,173,904,0.9,0.58,0.02
2023-02-15,P001,803,206,6,Weekly,182,1004,0.99,0.86,0.02
2023-09-17,P064,268,434,14,Weekly,192,1736,0.7,0.96,0.03
2023-10-01,P062,274,373,15,Weekly,151,1787,0.7,0.99,0.03
2023-11-22,P065,154,220,14,Weekly,85,1152,0.7,0.83,0.03
2023-08-01,P073,300,346,12,Weekly,173,1138,0.75,0.42,0.02
2023-01-06,P087,194,321,13,Weekly,146,554,0.7,0.65,0.05
2023-01-07,P073,349,170,9,Weekly,94,1680,0.9,0.9,0.03
2023-10-06,P004,517,308,12,Weekly,151,1880,0.75,0.88,0.02
2023-10-20,P045,128,176,8,Weekly,111,1311,0.95,0.89,0.02
2023-06-05,P092,753,226,12,Weekly,103,1883,0.75,0.52,0.02
2023-01-19,P001,646,199,7,Weekly,149,928,0.99,0.71,0.04
2023-04-05,P078,334,188,12,Weekly,81,734,0.75,0.38,0.04
2023-08-05,P017,954,154,10,Weekly,73,1814,0.85,0.85,0.01
2023-11-30,P007,192,221,10,Weekly,120,1773,0.85,0.73,0.02
2023-08-03,P027,678,174,15,Weekly,58,889,0.7,0.51,0.03
2023-03-17,P006,219,171,12,Weekly,71,1556,0.75,0.77,0.01
2023-03-24,P049,734,182,5,Weekly,186,986,0.99,0.97,0.04
2023-04-10,P089,178,159,15,Weekly,51,1841,0.7,0.44,0.03
2023-05-23,P015,461,420,15,Weekly,173,1871,0.7,0.5,0.03
2023-03-24,P076,435,180,15,Weekly,61,1783,0.7,0.93,0.01
2023-05-28,P091,535,276,9,Weekly,176,1387,0.9,0.48,0.04
2023-12-23,P019,562,228,14,Weekly,89,982,0.7,0.33,0.02
2023-10-21,P055,313,150,5,Weekly,141,835,0.99,0.52,0.02
2023-03-24,P026,246,190,14,Weekly,70,919,0.7,0.71,0.02
2023-03-20,P003,685,144,12,Weekly,55,648,0.75,0.73,0.02
2023-08-09,P062,808,212,12,Weekly,95,1022,0.75,0.87,0.04
2023-06-08,P079,341,282,9,Weekly,181,987,0.9,0.6,0.04
2023-03-30,P085,123,138,11,Weekly,56,1734,0.8,0.34,0.03
2023-10-14,P063,790,296,12,Weekly,144,842,0.75,0.36,0.02
2023-05-13,P091,413,178,15,Weekly,60,1452,0.7,0.46,0.01
2023-02-01,P093,905,250,10,Weekly,140,1605,0.85,0.45,0.04
2023-09-02,P017,111,104,6,Weekly,63,806,0.99,0.65,0.05
2023-03-28,P045,167,244,14,Weekly,97,1879,0.7,0.69,0.05
2023-03-25,P082,585,133,5,Weekly,117,1237,0.99,0.46,0.02
2023-04-10,P028,998,290,15,Weekly,112,1912,0.7,0.44,0.02
2023-01-27,P045,213,127,6,Weekly,90,1618,0.99,0.65,0.01
2023-03-01,P100,868,152,10,Weekly,72,1392,0.85,0.69,0.04
2023-11-27,P012,749,342,14,Weekly,146,1124,0.7,0.82,0.04
2023-02-06,P092,142,334,14,Weekly,142,1580,0.7,0.45,0.02
2023-06-01,P031,604,161,13,Weekly,60,1561,0.7,0.89,0.01
2023-04-17,P068,626,252,12,Weekly,118,893,0.75,0.74,0.01
2023-08-28,P039,398,170,7,Weekly,120,647,0.99,0.3,0.01
2023-05-31,P012,629,252,13,Weekly,109,555,0.7,0.93,0.03
2023-02-15,P062,523,220,14,Weekly,85,806,0.7,0.95,0.01
2023-08-04,P099,455,162,10,Weekly,79,569,0.85,0.6,0.02
2023-10-14,P017,500,132,5,Weekly,115,1520,0.99,0.6,0.03
2023-12-26,P050,488,427,15,Weekly,176,1154,0.7,0.43,0.02
2023-11-19,P092,767,115,7,Weekly,65,1314,0.99,0.37,0.05
2023-03-30,P089,740,245,13,Weekly,105,1501,0.7,0.48,0.01
2023-10-25,P059,391,121,7,Weekly,71,1251,0.99,0.66,0.04
2023-09-28,P091,510,125,8,Weekly,66,1175,0.95,0.35,0.03
2023-02-24,P016,208,154,5,Weekly,146,1238,0.99,0.58,0.02
2023-02-17,P057,867,389,13,Weekly,183,1242,0.7,0.98,0.02
2023-01-19,P090,596,154,12,Weekly,61,679,0.75,0.48,0.02
2023-03-31,P038,207,222,14,Weekly,86,574,0.7,0.47,0.04
2023-08-05,P091,647,93,5,Weekly,61,1797,0.99,0.33,0.04
2023-10-11,P083,677,191,8,Weekly,124,1805,0.95,0.67,0.04
2023-04-01,P074,246,149,7,Weekly,99,791,0.99,0.82,0.02
2023-03-19,P012,462,100,7,Weekly,50,719,0.99,0.82,0.05
2023-10-25,P013,382,178,8,Weekly,112,1748,0.95,0.47,0.01
2023-03-23,P080,937,427,15,Weekly,176,1647,0.7,0.81,0.04
